{"stats":{"minecraft:crafted":{"minecraft:oak_planks":244,"minecraft:cooked_chicken":6,"minecraft:diamond_shovel":1,"minecraft:cooked_mutton":14,"minecraft:diamond_helmet":3,"minecraft:diamond_leggings":2,"minecraft:iron_boots":1,"minecraft:cooked_porkchop":11,"minecraft:diamond_axe":2,"minecraft:crafting_table":5,"minecraft:wooden_pickaxe":1,"minecraft:brush":2,"minecraft:gold_block":12,"minecraft:birch_planks":20,"minecraft:iron_chestplate":1,"minecraft:diamond_pickaxe":1,"minecraft:shield":2,"minecraft:stick":20,"minecraft:iron_ingot":182,"minecraft:iron_pickaxe":1,"minecraft:iron_block":16,"minecraft:gold_ingot":109,"minecraft:oak_door":15,"minecraft:furnace":3,"minecraft:flint_and_steel":2,"minecraft:iron_axe":1,"minecraft:stone_pickaxe":2,"minecraft:diamond_boots":3,"minecraft:wheat":36,"minecraft:cooked_beef":7,"minecraft:diamond_sword":2,"minecraft:iron_sword":1,"minecraft:bucket":1,"minecraft:stone_axe":2,"minecraft:bread":21,"minecraft:air":0,"minecraft:oak_boat":1,"minecraft:raw_gold":9,"minecraft:wooden_axe":1,"minecraft:iron_leggings":1,"minecraft:white_bed":2,"minecraft:diamond_chestplate":2},"minecraft:broken":{"minecraft:stone_pickaxe":1,"minecraft:golden_pickaxe":1},"minecraft:used":{"minecraft:tuff_bricks":17,"minecraft:heavy_core":1,"minecraft:shield":25,"minecraft:iron_sword":24,"minecraft:rotten_flesh":3,"minecraft:tuff":3,"minecraft:obsidian":10,"minecraft:honey_bottle":2,"minecraft:raw_gold_block":1,"minecraft:ominous_bottle":1,"minecraft:oak_sapling":4,"minecraft:furnace":13,"minecraft:diorite":5,"minecraft:oak_planks":196,"minecraft:stone_pickaxe":50,"minecraft:wooden_pickaxe":3,"minecraft:redstone_block":1,"minecraft:diamond_axe":176,"minecraft:golden_apple":2,"minecraft:golden_hoe":19,"minecraft:melon_slice":9,"minecraft:bread":64,"minecraft:string":1,"minecraft:diamond_sword":580,"minecraft:andesite":1,"minecraft:oak_boat":3,"minecraft:golden_pickaxe":31,"minecraft:experience_bottle":13,"minecraft:flint_and_steel":1,"minecraft:cooked_chicken":5,"minecraft:netherrack":4,"minecraft:trial_key":3,"minecraft:oak_door":9,"minecraft:orange_bed":1,"minecraft:dirt":2,"minecraft:wooden_axe":12,"minecraft:iron_axe":68,"minecraft:golden_carrot":5,"minecraft:cooked_beef":9,"minecraft:cobbled_deepslate":68,"minecraft:pumpkin":10,"minecraft:golden_axe":8,"minecraft:iron_leggings":1,"minecraft:cooked_mutton":14,"minecraft:water_bucket":66,"minecraft:birch_planks":20,"minecraft:bundle":1,"minecraft:baked_potato":8,"minecraft:stonecutter":1,"minecraft:waxed_copper_block":9,"minecraft:salmon":1,"minecraft:crafting_table":23,"minecraft:white_bed":3,"minecraft:oak_log":2,"minecraft:diamond_pickaxe":1003,"minecraft:apple":2,"minecraft:ominous_trial_key":3,"minecraft:diamond_shovel":5,"minecraft:wind_charge":33,"minecraft:chicken":1,"minecraft:iron_pickaxe":35,"minecraft:map":1,"minecraft:stone_axe":42,"minecraft:cobblestone":131,"minecraft:porkchop":1,"minecraft:cooked_porkchop":11,"minecraft:bucket":67,"minecraft:brush":6,"minecraft:diamond_leggings":1},"minecraft:picked_up":{"minecraft:chiseled_deepslate":2,"minecraft:iron_chestplate":4,"minecraft:wheat":44,"minecraft:redstone_block":1,"minecraft:suspicious_stew":1,"minecraft:diamond_sword":2,"minecraft:oak_stairs":5,"minecraft:potion":1,"minecraft:enchanted_book":1,"minecraft:stone_brick_stairs":2,"minecraft:polished_deepslate":2,"minecraft:music_disc_cat":1,"minecraft:string":98,"minecraft:raw_copper":34,"minecraft:waxed_cut_copper_slab":1,"minecraft:sticky_piston":3,"minecraft:iron_leggings":1,"minecraft:red_candle":7,"minecraft:experience_bottle":7,"minecraft:diamond_leggings":3,"minecraft:cobbled_deepslate":149,"minecraft:trial_key":3,"minecraft:iron_pickaxe":3,"minecraft:deepslate_tile_wall":2,"minecraft:melon_slice":9,"minecraft:furnace":15,"minecraft:iron_boots":1,"minecraft:stick":27,"minecraft:acacia_log":5,"minecraft:porkchop":19,"minecraft:waxed_copper_grate":3,"minecraft:pointed_dripstone":23,"minecraft:diorite":5,"minecraft:deepslate_tile_stairs":1,"minecraft:brown_carpet":1,"minecraft:orange_bed":2,"minecraft:stone_sword":2,"minecraft:honey_bottle":1,"minecraft:rotten_flesh":26,"minecraft:deepslate_brick_stairs":1,"minecraft:obsidian":16,"minecraft:cobblestone":191,"minecraft:birch_log":18,"minecraft:feather":8,"minecraft:cooked_beef":3,"minecraft:andesite":4,"minecraft:orange_carpet":6,"minecraft:smoker":1,"minecraft:flint":1,"minecraft:tuff":12,"minecraft:lapis_lazuli":205,"minecraft:dirt":28,"minecraft:lantern":1,"minecraft:name_tag":1,"minecraft:bone":46,"minecraft:stonecutter":2,"minecraft:bow":2,"minecraft:wheat_seeds":167,"minecraft:raw_gold":232,"minecraft:diamond_helmet":2,"minecraft:oak_planks":91,"minecraft:barrel":1,"minecraft:mossy_cobblestone":1,"minecraft:diamond":219,"minecraft:slime_block":4,"minecraft:soul_lantern":1,"minecraft:miner_pottery_sherd":19,"minecraft:emerald":62,"minecraft:chainmail_helmet":2,"minecraft:bread":15,"minecraft:music_disc_precipice":1,"minecraft:netherrack":6,"minecraft:oak_sapling":27,"minecraft:light_gray_carpet":3,"minecraft:ominous_trial_key":5,"minecraft:diamond_pickaxe":3,"minecraft:charcoal":2,"minecraft:crafting_table":21,"minecraft:chicken":12,"minecraft:chest_minecart":1,"minecraft:brown_mushroom":1,"minecraft:gold_block":1,"minecraft:music_disc_creator":1,"minecraft:brick":75,"minecraft:shield":1,"minecraft:wind_charge":33,"minecraft:flow_banner_pattern":1,"minecraft:cyan_carpet":2,"minecraft:cracked_stone_bricks":1,"minecraft:candle":3,"minecraft:beef":20,"minecraft:andesite_stairs":1,"minecraft:oak_boat":3,"minecraft:chiseled_tuff":1,"minecraft:observer":2,"minecraft:sugar_cane":24,"minecraft:birch_sapling":8,"minecraft:waxed_oxidized_copper":2,"minecraft:egg":3,"minecraft:raw_iron":310,"minecraft:raw_gold_block":1,"minecraft:stone_button":1,"minecraft:redstone":55,"minecraft:stone_pressure_plate":2,"minecraft:dark_oak_planks":1,"minecraft:tnt":5,"minecraft:arrow":63,"minecraft:diamond_chestplate":1,"minecraft:decorated_pot":1,"minecraft:deepslate_bricks":4,"minecraft:diamond_boots":2,"minecraft:hay_block":4,"minecraft:gold_ingot":5,"minecraft:tuff_bricks":31,"minecraft:bone_block":1,"minecraft:mutton":14,"minecraft:rail":8,"minecraft:white_wool":6,"minecraft:golden_carrot":4,"minecraft:salmon":1,"minecraft:leather":4,"minecraft:red_mushroom":2,"minecraft:birch_planks":2,"minecraft:oak_log":63,"minecraft:waxed_copper_block":16,"minecraft:gunpowder":12,"minecraft:deepslate_tile_slab":4,"minecraft:apple":2,"minecraft:iron_ingot":11,"minecraft:polished_tuff_slab":1,"minecraft:cooked_chicken":2,"minecraft:gray_bed":1,"minecraft:book":30,"minecraft:pumpkin":11,"minecraft:stone_brick_slab":1,"minecraft:heavy_core":2,"minecraft:brush":2,"minecraft:dripstone_block":5,"minecraft:gravel":5,"minecraft:amethyst_shard":5,"minecraft:blast_furnace":1,"minecraft:white_bed":3,"minecraft:polished_tuff":2,"minecraft:spider_eye":5,"minecraft:infested_stone_bricks":10,"minecraft:slime_ball":1,"minecraft:stone_axe":1,"minecraft:iron_helmet":3,"minecraft:gray_wool":1,"minecraft:damaged_anvil":5,"minecraft:melon_seeds":10,"minecraft:chiseled_tuff_bricks":1,"minecraft:coal":518},"minecraft:dropped":{"minecraft:iron_sword":1,"minecraft:candle":1,"minecraft:birch_planks":2,"minecraft:porkchop":7,"minecraft:lapis_lazuli":136,"minecraft:glass_bottle":1,"minecraft:diamond":89,"minecraft:decorated_pot":1,"minecraft:deepslate_tile_wall":2,"minecraft:leather":1,"minecraft:chest_minecart":1,"minecraft:rail":5,"minecraft:light_weighted_pressure_plate":1,"minecraft:red_mushroom":2,"minecraft:deepslate_tile_stairs":1,"minecraft:dirt":14,"minecraft:orange_carpet":6,"minecraft:music_disc_precipice":2,"minecraft:amethyst_shard":5,"minecraft:iron_pickaxe":4,"minecraft:dark_oak_planks":1,"minecraft:cyan_carpet":2,"minecraft:gold_ingot":16,"minecraft:bone":48,"minecraft:waxed_cut_copper_slab":1,"minecraft:gravel":4,"minecraft:stone_axe":3,"minecraft:cooked_chicken":2,"minecraft:chiseled_tuff_bricks":1,"minecraft:cobbled_deepslate":20,"minecraft:birch_sapling":8,"minecraft:wheat":17,"minecraft:soul_lantern":1,"minecraft:pointed_dripstone":21,"minecraft:rotten_flesh":12,"minecraft:oak_planks":14,"minecraft:light_gray_carpet":3,"minecraft:white_bed":1,"minecraft:waxed_copper_block":4,"minecraft:infested_stone_bricks":2,"minecraft:red_candle":7,"minecraft:gunpowder":2,"minecraft:chiseled_tuff":1,"minecraft:arrow":42,"minecraft:netherrack":2,"minecraft:bread":1,"minecraft:enchanted_book":1,"minecraft:iron_ingot":36,"minecraft:wheat_seeds":167,"minecraft:mossy_cobblestone":1,"minecraft:dripstone_block":2,"minecraft:diamond_leggings":3,"minecraft:iron_helmet":1,"minecraft:golden_axe":1,"minecraft:cobblestone":18,"minecraft:feather":8,"minecraft:waxed_copper_grate":3,"minecraft:polished_tuff":2,"minecraft:ominous_trial_key":2,"minecraft:acacia_log":5,"minecraft:chainmail_helmet":2,"minecraft:coal":16,"minecraft:golden_apple":1,"minecraft:gray_wool":1,"minecraft:deepslate_brick_stairs":1,"minecraft:wooden_axe":1,"minecraft:diamond_helmet":2,"minecraft:waxed_oxidized_copper":2,"minecraft:iron_leggings":2,"minecraft:golden_hoe":1,"minecraft:pumpkin":1,"minecraft:iron_axe":1,"minecraft:flow_banner_pattern":1,"minecraft:paper":1,"minecraft:string":27,"minecraft:music_disc_cat":1,"minecraft:redstone":46,"minecraft:stone_sword":1,"minecraft:raw_copper":34,"minecraft:polished_tuff_slab":1,"minecraft:tuff":2,"minecraft:raw_iron":69,"minecraft:chicken":1,"minecraft:iron_boots":2,"minecraft:flint_and_steel":2,"minecraft:filled_map":1,"minecraft:diamond_sword":1,"minecraft:shield":1,"minecraft:diamond_chestplate":1,"minecraft:bundle":1,"minecraft:iron_chestplate":5,"minecraft:diamond_pickaxe":3,"minecraft:andesite":1,"minecraft:miner_pottery_sherd":17,"minecraft:spider_eye":5,"minecraft:diamond_boots":2,"minecraft:slime_ball":1,"minecraft:stone_pickaxe":1,"minecraft:bow":1,"minecraft:wooden_pickaxe":1,"minecraft:raw_gold":64,"minecraft:brick":54},"minecraft:mined":{"minecraft:dark_oak_planks":1,"minecraft:waxed_cut_copper_slab":1,"minecraft:large_amethyst_bud":1,"minecraft:stone_pressure_plate":2,"minecraft:white_bed":3,"minecraft:oak_sapling":4,"minecraft:andesite_stairs":1,"minecraft:sculk_vein":2,"minecraft:obsidian":20,"minecraft:potted_dead_bush":1,"minecraft:granite":20,"minecraft:budding_amethyst":1,"minecraft:deepslate_tile_wall":2,"minecraft:grass_block":18,"minecraft:deepslate_bricks":6,"minecraft:deepslate_tile_stairs":1,"minecraft:chiseled_tuff_bricks":6,"minecraft:tuff_bricks":55,"minecraft:spawner":9,"minecraft:barrel":1,"minecraft:sticky_piston":4,"minecraft:iron_ore":19,"minecraft:cobbled_deepslate":5,"minecraft:fire":13,"minecraft:polished_tuff":3,"minecraft:pumpkin":11,"minecraft:deepslate_lapis_ore":4,"minecraft:pointed_dripstone":17,"minecraft:oak_stairs":5,"minecraft:small_amethyst_bud":2,"minecraft:polished_tuff_slab":1,"minecraft:deepslate_brick_stairs":1,"minecraft:iron_block":3,"minecraft:tripwire":6,"minecraft:orange_bed":2,"minecraft:deepslate_redstone_ore":2,"minecraft:smoker":1,"minecraft:melon_stem":7,"minecraft:deepslate_brick_wall":1,"minecraft:medium_amethyst_bud":1,"minecraft:deepslate_tile_slab":2,"minecraft:soul_lantern":1,"minecraft:blast_furnace":1,"minecraft:melon":3,"minecraft:cobblestone":1,"minecraft:slime_block":4,"minecraft:sugar_cane":12,"minecraft:oak_planks":22,"minecraft:damaged_anvil":5,"minecraft:wall_torch":1,"minecraft:deepslate_copper_ore":1,"minecraft:birch_sapling":1,"minecraft:red_candle":2,"minecraft:wheat":101,"minecraft:waxed_oxidized_cut_copper_stairs":2,"minecraft:waxed_copper_block":19,"minecraft:tnt":5,"minecraft:stone_brick_stairs":2,"minecraft:oak_log":18,"minecraft:waxed_oxidized_copper":6,"minecraft:dirt":18,"minecraft:red_mushroom_block":4,"minecraft:stonecutter":2,"minecraft:netherrack":6,"minecraft:oak_leaves":28,"minecraft:cyan_candle":1,"minecraft:deepslate":268,"minecraft:deepslate_tiles":3,"minecraft:diamond_ore":1,"minecraft:crying_obsidian":2,"minecraft:tuff":14,"minecraft:mossy_cobblestone":1,"minecraft:deepslate_diamond_ore":56,"minecraft:candle":2,"minecraft:waxed_oxidized_chiseled_copper":1,"minecraft:decorated_pot":40,"minecraft:heavy_core":1,"minecraft:red_mushroom":2,"minecraft:hay_block":4,"minecraft:waxed_oxidized_cut_copper":1,"minecraft:furnace":15,"minecraft:raw_gold_block":1,"minecraft:waxed_copper_grate":9,"minecraft:andesite":29,"minecraft:chiseled_deepslate":2,"minecraft:gold_block":1,"minecraft:chiseled_tuff":1,"minecraft:polished_deepslate":4,"minecraft:bookshelf":10,"minecraft:deepslate_iron_ore":16,"minecraft:rail":3,"minecraft:stone":280,"minecraft:bone_block":2,"minecraft:waxed_exposed_copper_bulb":1,"minecraft:light_gray_carpet":4,"minecraft:redstone_block":1,"minecraft:brown_carpet":5,"minecraft:stone_brick_slab":1,"minecraft:observer":2,"minecraft:crafting_table":21,"minecraft:short_grass":19,"minecraft:sculk_sensor":2,"minecraft:campfire":1,"minecraft:tall_grass":4,"minecraft:copper_ore":2,"minecraft:deepslate_gold_ore":18,"minecraft:lapis_ore":1,"minecraft:sculk":1,"minecraft:diorite":25,"minecraft:orange_carpet":6,"minecraft:birch_planks":1,"minecraft:white_carpet":1,"minecraft:gray_bed":1,"minecraft:birch_leaves":4,"minecraft:coal_ore":13,"minecraft:gravel":5,"minecraft:flower_pot":1,"minecraft:cyan_carpet":4,"minecraft:dripstone_block":10,"minecraft:cobweb":65,"minecraft:cracked_stone_bricks":1,"minecraft:gold_ore":1},"minecraft:custom":{"minecraft:interact_with_crafting_table":42,"minecraft:open_barrel":75,"minecraft:leave_game":3,"minecraft:time_since_death":23160,"minecraft:sprint_one_cm":814030,"minecraft:damage_blocked_by_shield":822,"minecraft:drop":238,"minecraft:play_time":221956,"minecraft:deaths":7,"minecraft:jump":4593,"minecraft:walk_on_water_one_cm":49320,"minecraft:interact_with_furnace":98,"minecraft:sleep_in_bed":3,"minecraft:damage_dealt":34052,"minecraft:crouch_one_cm":37151,"minecraft:inspect_dispenser":7,"minecraft:mob_kills":205,"minecraft:climb_one_cm":690,"minecraft:walk_one_cm":547965,"minecraft:sneak_time":13158,"minecraft:walk_under_water_one_cm":50004,"minecraft:boat_one_cm":13036,"minecraft:total_world_time":221956,"minecraft:tune_noteblock":9,"minecraft:time_since_rest":12086,"minecraft:damage_taken":8726,"minecraft:damage_absorbed":80,"minecraft:minecart_one_cm":17332,"minecraft:swim_one_cm":125273,"minecraft:fly_one_cm":805769,"minecraft:open_chest":152,"minecraft:fall_one_cm":150334},"minecraft:killed_by":{"minecraft:witch":2,"minecraft:player":1},"minecraft:killed":{"minecraft:cave_spider":15,"minecraft:witch":1,"minecraft:spider":21,"minecraft:skeleton":53,"minecraft:chicken":8,"minecraft:silverfish":2,"minecraft:pig":12,"minecraft:zombie_villager":14,"minecraft:salmon":1,"minecraft:creeper":3,"minecraft:sheep":8,"minecraft:zombie":41,"minecraft:cow":7,"minecraft:vindicator":4,"minecraft:slime":10,"minecraft:drowned":3}},"DataVersion":3953}