{"stats":{"minecraft:crafted":{"minecraft:oak_planks":1984,"minecraft:cooked_chicken":4,"minecraft:diamond_shovel":3,"minecraft:cooked_mutton":6,"minecraft:poisonous_potato":1,"minecraft:mace":1,"minecraft:glass":240,"minecraft:diamond_helmet":2,"minecraft:diamond_leggings":1,"minecraft:chest":22,"minecraft:netherite_upgrade_smithing_template":28,"reinfchest:iron_chest":2,"minecraft:oak_fence":6,"minecraft:cooked_rabbit":2,"minecraft:emerald":63,"minecraft:cooked_porkchop":32,"minecraft:crafting_table":8,"travelersbackpack:standard":1,"minecraft:wooden_pickaxe":1,"minecraft:iron_helmet":1,"reinfchest:copper_chest":2,"minecraft:copper_ingot":29,"minecraft:iron_chestplate":1,"minecraft:shield":3,"minecraft:stick":136,"minecraft:iron_ingot":115,"minecraft:iron_pickaxe":3,"minecraft:iron_block":3,"minecraft:stone_sword":1,"minecraft:gold_ingot":326,"minecraft:netherite_ingot":37,"minecraft:golden_carrot":189,"minecraft:oak_door":6,"minecraft:fishing_rod":1,"minecraft:tripwire_hook":7,"minecraft:netherite_sword":1,"minecraft:iron_nugget":36,"minecraft:player_head":3,"minecraft:furnace":9,"minecraft:dark_oak_trapdoor":4,"minecraft:netherite_chestplate":1,"minecraft:netherite_axe":1,"travelersbackpack:white_sleeping_bag":1,"minecraft:netherite_leggings":1,"minecraft:iron_axe":2,"minecraft:ladder":6,"minecraft:stone_pickaxe":1,"minecraft:diamond_boots":1,"minecraft:dark_oak_planks":1688,"minecraft:golden_helmet":1,"minecraft:cooked_beef":27,"minecraft:netherite_pickaxe":1,"minecraft:diamond_sword":2,"minecraft:dark_oak_stairs":100,"reinfchest:gold_chest":2,"travelersbackpack:backpack_tank":2,"minecraft:stone_axe":1,"minecraft:enchanted_book":18,"minecraft:jungle_planks":40,"reinfchest:diamond_chest":2,"minecraft:bread":60,"minecraft:air":0,"minecraft:oak_boat":1,"minecraft:white_wool":5,"minecraft:wooden_axe":1,"minecraft:netherite_shovel":1,"minecraft:oak_stairs":20,"minecraft:anvil":1,"minecraft:white_bed":1,"minecraft:torch":216,"minecraft:acacia_planks":28,"minecraft:diamond_chestplate":1},"minecraft:killed":{"minecraft:cave_spider":72,"minecraft:witch":2,"minecraft:spider":83,"minecraft:skeleton":87,"minecraft:chicken":6,"minecraft:silverfish":7,"minecraft:magma_cube":23,"minecraft:pig":10,"minecraft:zombie_villager":7,"minecraft:creeper":8,"minecraft:sheep":4,"minecraft:trader_llama":3,"minecraft:pillager":29,"minecraft:zombie":158,"minecraft:stray":66,"minecraft:blaze":5,"minecraft:cow":12,"minecraft:armadillo":1,"minecraft:bogged":17,"minecraft:vindicator":3,"minecraft:slime":3,"minecraft:phantom":1,"minecraft:husk":9,"minecraft:bat":1,"minecraft:wandering_trader":1,"minecraft:breeze":19,"minecraft:wither_skeleton":57,"minecraft:player":9,"minecraft:enderman":4},"minecraft:mined":{"minecraft:dark_oak_planks":485,"minecraft:waxed_cut_copper_slab":1,"minecraft:white_bed":3,"minecraft:oak_sapling":7,"minecraft:brewing_stand":1,"minecraft:obsidian":10,"minecraft:granite":67,"minecraft:grass_block":1530,"minecraft:jungle_log":1,"minecraft:chiseled_tuff_bricks":16,"minecraft:tuff_bricks":36,"minecraft:spawner":2,"minecraft:iron_ore":40,"minecraft:barrel":1,"minecraft:fire":9,"minecraft:cobbled_deepslate":2,"minecraft:polished_tuff":3,"minecraft:moss_carpet":1,"minecraft:deepslate_lapis_ore":16,"minecraft:dark_oak_stairs":79,"minecraft:pointed_dripstone":1,"minecraft:dirt_path":4,"minecraft:oak_stairs":7,"minecraft:azalea":1,"minecraft:player_head":4,"minecraft:deepslate_redstone_ore":24,"minecraft:cut_sandstone":7,"minecraft:red_bed":8,"minecraft:player_wall_head":1,"minecraft:orange_terracotta":2,"minecraft:clay":2,"minecraft:melon":9,"minecraft:chest":12,"minecraft:glass":1,"minecraft:nether_quartz_ore":15,"minecraft:cobblestone":649,"minecraft:oak_planks":304,"minecraft:sugar_cane":8,"minecraft:wall_torch":7,"minecraft:deepslate_copper_ore":11,"minecraft:chain":1,"minecraft:waxed_copper_bulb":1,"minecraft:red_candle":1,"minecraft:blue_terracotta":1,"minecraft:waxed_copper_block":15,"minecraft:tnt":2,"minecraft:stone_brick_stairs":1,"minecraft:oak_log":32,"minecraft:waxed_oxidized_copper":1,"minecraft:sand":385,"minecraft:dirt":1177,"minecraft:tripwire_hook":4,"minecraft:dispenser":1,"minecraft:ancient_debris":10,"minecraft:netherrack":630,"minecraft:deepslate":135,"minecraft:oak_leaves":22,"minecraft:emerald_block":5,"minecraft:infested_deepslate":1,"minecraft:nether_gold_ore":7,"minecraft:deepslate_tiles":1,"minecraft:crying_obsidian":1,"minecraft:diamond_ore":21,"minecraft:tuff":3,"minecraft:dark_oak_leaves":31,"minecraft:deepslate_diamond_ore":36,"minecraft:dark_oak_log":33,"minecraft:nether_bricks":2,"minecraft:decorated_pot":4,"minecraft:red_mushroom":2,"minecraft:sandstone":37,"minecraft:large_fern":1,"minecraft:redstone_ore":14,"minecraft:waxed_oxidized_cut_copper":2,"minecraft:furnace":2,"minecraft:waxed_copper_grate":2,"minecraft:chiseled_sandstone":4,"minecraft:andesite":5,"minecraft:gold_block":1,"minecraft:mossy_stone_brick_stairs":1,"minecraft:deepslate_iron_ore":22,"minecraft:stone":577,"minecraft:basalt":8,"minecraft:stone_brick_slab":1,"minecraft:oak_fence":17,"minecraft:crafting_table":7,"minecraft:short_grass":183,"minecraft:emerald_ore":10,"minecraft:campfire":4,"minecraft:copper_ore":10,"minecraft:tall_grass":116,"minecraft:deepslate_coal_ore":10,"minecraft:lapis_ore":19,"minecraft:deepslate_gold_ore":16,"minecraft:diorite":8,"quartzelv:quartz_elevator":2,"minecraft:coal_ore":39,"minecraft:gravel":1,"minecraft:dripstone_block":14,"minecraft:cobweb":99,"minecraft:stone_bricks":2,"minecraft:gold_ore":6,"minecraft:deepslate_emerald_ore":17,"minecraft:fern":5},"minecraft:killed_by":{"minecraft:zombie":3,"minecraft:player":1,"minecraft:skeleton":3},"minecraft:dropped":{"minecraft:soul_sand":14,"minecraft:diamond_axe":1,"minecraft:lapis_lazuli":20,"minecraft:oak_log":44,"minecraft:baked_potato":1,"minecraft:glass_bottle":5,"minecraft:diamond":64,"minecraft:crafting_table":2,"minecraft:cooked_porkchop":2,"minecraft:decorated_pot":3,"minecraft:crossbow":4,"minecraft:netherite_upgrade_smithing_template":1,"minecraft:leather":6,"minecraft:mossy_stone_brick_stairs":1,"travelersbackpack:standard":1,"minecraft:rail":2,"minecraft:heavy_core":1,"minecraft:red_mushroom":4,"minecraft:dirt":708,"minecraft:dark_oak_log":32,"minecraft:netherite_scrap":4,"minecraft:stone_button":1,"minecraft:dispenser":1,"minecraft:mutton":4,"minecraft:gold_nugget":12,"minecraft:iron_pickaxe":4,"minecraft:dark_oak_planks":189,"minecraft:white_wool":1,"minecraft:bone":211,"minecraft:gravel":24,"minecraft:goat_horn":1,"minecraft:iron_nugget":1,"minecraft:chiseled_tuff_bricks":2,"minecraft:cobbled_deepslate":6,"minecraft:rotten_flesh":89,"minecraft:oak_planks":121,"minecraft:enchanted_golden_apple":2,"minecraft:diamond_shovel":1,"minecraft:waxed_copper_block":2,"minecraft:infested_stone_bricks":8,"minecraft:wind_charge":10,"minecraft:tipped_arrow":31,"minecraft:red_candle":4,"minecraft:gunpowder":2,"minecraft:jungle_log":8,"minecraft:chest":5,"minecraft:acacia_sapling":1,"minecraft:azalea":1,"minecraft:breeze_rod":14,"minecraft:arrow":6,"minecraft:beef":4,"minecraft:stone_brick_stairs":1,"minecraft:netherrack":485,"minecraft:water_bucket":1,"minecraft:enchanted_book":8,"minecraft:bread":5,"minecraft:iron_ingot":13,"minecraft:netherite_pickaxe":1,"minecraft:wheat_seeds":10,"minecraft:lilac":37,"minecraft:tnt":1,"minecraft:dripstone_block":1,"minecraft:waxed_oxidized_cut_copper_stairs":4,"minecraft:netherite_axe":1,"minecraft:book":1,"minecraft:iron_helmet":1,"minecraft:feather":2,"minecraft:cobblestone":251,"minecraft:lead":2,"minecraft:waxed_copper_grate":2,"minecraft:polished_tuff":1,"minecraft:apple":2,"minecraft:granite":1,"minecraft:stick":164,"minecraft:diorite":1,"minecraft:golden_carrot":4,"minecraft:torch":18,"minecraft:map":1,"minecraft:waxed_oxidized_copper":3,"minecraft:rib_armor_trim_smithing_template":5,"minecraft:potion":1,"minecraft:white_banner":2,"minecraft:iron_axe":1,"minecraft:flow_banner_pattern":3,"minecraft:paper":5,"minecraft:string":150,"minecraft:lily_pad":1,"minecraft:bucket":2,"minecraft:music_disc_cat":1,"minecraft:chiseled_sandstone":1,"minecraft:stone_brick_slab":1,"minecraft:tuff_bricks":8,"minecraft:netherite_hoe":1,"minecraft:stone_sword":7,"minecraft:bamboo_hanging_sign":3,"minecraft:raw_iron":37,"minecraft:experience_bottle":8,"minecraft:clay_ball":4,"minecraft:iron_boots":2,"minecraft:diamond_sword":3,"minecraft:trial_key":1,"minecraft:diamond_chestplate":3,"minecraft:iron_chestplate":1,"minecraft:diamond_pickaxe":4,"minecraft:andesite":8,"minecraft:cake":1,"minecraft:oak_boat":1,"minecraft:oak_sapling":107,"minecraft:waxed_oxidized_cut_copper":2,"minecraft:spider_eye":26,"minecraft:miner_pottery_sherd":1,"minecraft:barrel":2,"minecraft:stone_bricks":2,"minecraft:bow":3,"minecraft:calcite":3,"minecraft:brick":52},"minecraft:custom":{"minecraft:interact_with_crafting_table":166,"minecraft:open_barrel":33,"minecraft:leave_game":22,"minecraft:time_since_death":518173,"minecraft:damage_resisted":101,"minecraft:sprint_one_cm":3705603,"minecraft:damage_blocked_by_shield":5217,"minecraft:drop":774,"minecraft:talked_to_villager":329,"minecraft:play_time":1447051,"minecraft:deaths":13,"minecraft:jump":15389,"minecraft:walk_on_water_one_cm":123008,"minecraft:interact_with_furnace":161,"minecraft:traded_with_villager":91,"minecraft:interact_with_cartography_table":4,"minecraft:sleep_in_bed":29,"minecraft:damage_dealt":117766,"minecraft:player_kills":9,"minecraft:crouch_one_cm":45801,"minecraft:open_diamond_chest":141,"minecraft:interact_with_smithing_table":13,"minecraft:inspect_dispenser":9,"minecraft:interact_with_smoker":1,"minecraft:interact_with_anvil":53,"minecraft:mob_kills":720,"minecraft:inspect_hopper":14,"minecraft:climb_one_cm":25297,"minecraft:walk_one_cm":4573694,"minecraft:raid_win":2,"minecraft:sneak_time":17284,"minecraft:walk_under_water_one_cm":59075,"minecraft:boat_one_cm":104124,"minecraft:open_netherite_chest":71,"minecraft:total_world_time":1447051,"minecraft:interact_with_grindstone":7,"minecraft:time_since_rest":39320,"minecraft:damage_taken":17845,"minecraft:damage_absorbed":326,"minecraft:trigger_trapped_chest":5,"minecraft:swim_one_cm":129162,"minecraft:fly_one_cm":3554899,"minecraft:open_chest":1059,"minecraft:fall_one_cm":401320,"minecraft:fish_caught":7},"minecraft:used":{"minecraft:tuff_bricks":30,"minecraft:dispenser":1,"minecraft:ladder":6,"minecraft:shield":141,"minecraft:decorated_pot":3,"minecraft:chest":30,"minecraft:stone":1,"minecraft:player_head":9,"minecraft:carrot":1,"minecraft:tuff":1,"minecraft:obsidian":2,"minecraft:honey_bottle":14,"minecraft:glass":213,"minecraft:villager_spawn_egg":2,"minecraft:netherite_shovel":953,"minecraft:grass_block":66,"minecraft:lava_bucket":7,"minecraft:dark_oak_leaves":83,"minecraft:bow":8,"minecraft:ominous_bottle":1,"minecraft:oak_sapling":80,"minecraft:furnace":7,"minecraft:egg":3,"minecraft:potato":1,"minecraft:dark_oak_stairs":156,"minecraft:diorite":4,"minecraft:stone_pickaxe":62,"minecraft:oak_planks":1482,"minecraft:ender_pearl":1,"minecraft:diamond_axe":839,"minecraft:wooden_pickaxe":4,"minecraft:sandstone":1,"quartzelv:quartz_elevator":10,"minecraft:golden_apple":5,"minecraft:dark_oak_trapdoor":3,"minecraft:crossbow":41,"minecraft:dripstone_block":9,"minecraft:mace":15,"minecraft:dark_oak_log":178,"minecraft:melon_slice":44,"minecraft:bread":82,"minecraft:chiseled_tuff_bricks":6,"minecraft:diamond_sword":1675,"minecraft:netherite_sword":268,"minecraft:cooked_rabbit":2,"minecraft:andesite":1,"minecraft:oak_fence":21,"minecraft:oak_boat":3,"minecraft:experience_bottle":11,"minecraft:stone_sword":26,"minecraft:trial_key":17,"minecraft:cooked_chicken":6,"minecraft:netherrack":7,"minecraft:oak_door":3,"minecraft:torch":272,"minecraft:dirt":541,"minecraft:anvil":1,"minecraft:hopper":1,"minecraft:golden_shovel":33,"minecraft:granite":7,"minecraft:dark_oak_planks":1599,"minecraft:wooden_axe":15,"minecraft:iron_axe":47,"minecraft:oak_stairs":11,"minecraft:basalt":7,"minecraft:tripwire_hook":4,"minecraft:golden_carrot":47,"minecraft:beef":2,"reinfchest:diamond_chest":6,"minecraft:netherite_pickaxe":915,"minecraft:cooked_beef":40,"minecraft:cobbled_deepslate":72,"minecraft:enchanted_golden_apple":2,"minecraft:cooked_mutton":6,"minecraft:water_bucket":39,"minecraft:netherite_chestplate":1,"minecraft:baked_potato":8,"minecraft:cut_sandstone":1,"minecraft:waxed_copper_block":10,"minecraft:crafting_table":14,"minecraft:red_bed":7,"minecraft:white_bed":4,"minecraft:oak_log":4,"minecraft:diamond_pickaxe":1421,"minecraft:apple":49,"minecraft:ominous_trial_key":16,"minecraft:diamond_shovel":2133,"minecraft:chicken":1,"minecraft:wind_charge":85,"minecraft:iron_pickaxe":237,"minecraft:netherite_axe":329,"minecraft:stone_axe":43,"minecraft:fishing_rod":26,"minecraft:cobblestone":101,"minecraft:potion":3,"travelersbackpack:standard":6,"minecraft:cooked_porkchop":29,"minecraft:bucket":45,"minecraft:splash_potion":1},"minecraft:picked_up":{"minecraft:iron_chestplate":2,"minecraft:lead":6,"minecraft:diamond_sword":5,"minecraft:oak_stairs":7,"minecraft:enchanted_book":29,"minecraft:potion":8,"minecraft:stone_brick_stairs":1,"minecraft:brewing_stand":1,"minecraft:golden_sword":1,"minecraft:music_disc_cat":1,"minecraft:string":338,"minecraft:waxed_cut_copper_slab":1,"minecraft:raw_copper":195,"minecraft:red_candle":4,"minecraft:netherite_ingot":9,"minecraft:pufferfish":1,"minecraft:gold_nugget":60,"minecraft:cobbled_deepslate":201,"minecraft:bucket":4,"minecraft:dark_oak_leaves":390,"minecraft:trial_key":18,"minecraft:calcite":3,"minecraft:azalea":1,"minecraft:netherite_upgrade_smithing_template":8,"minecraft:iron_pickaxe":6,"minecraft:enchanted_golden_apple":6,"minecraft:melon_slice":44,"minecraft:iron_boots":3,"minecraft:furnace":2,"minecraft:tipped_arrow":217,"minecraft:stick":378,"reinfchest:diamond_chest":10,"minecraft:oak_fence":17,"minecraft:torch":14,"minecraft:acacia_log":12,"travelersbackpack:iron_tier_upgrade":1,"travelersbackpack:diamond_tier_upgrade":1,"minecraft:porkchop":26,"minecraft:villager_spawn_egg":1,"minecraft:waxed_copper_grate":2,"minecraft:diorite":10,"travelersbackpack:crafting_upgrade":1,"minecraft:stone_sword":9,"minecraft:honey_bottle":8,"minecraft:rotten_flesh":237,"minecraft:iron_block":2,"minecraft:netherite_chestplate":1,"minecraft:blaze_rod":10,"minecraft:obsidian":11,"minecraft:cod":6,"minecraft:cobblestone":2040,"minecraft:lilac":37,"minecraft:feather":4,"minecraft:cooked_beef":13,"minecraft:magma_cream":6,"minecraft:andesite":10,"minecraft:water_bucket":5,"minecraft:jungle_log":18,"minecraft:tuff":3,"minecraft:wither_skeleton_skull":9,"travelersbackpack:gold_tier_upgrade":1,"minecraft:netherite_leggings":1,"minecraft:lapis_lazuli":661,"minecraft:dirt":1682,"minecraft:glass":62,"minecraft:bone":581,"minecraft:bow":6,"minecraft:wheat_seeds":23,"minecraft:raw_gold":39,"minecraft:netherite_axe":1,"minecraft:rabbit":4,"minecraft:moss_block":16,"minecraft:honeycomb":3,"minecraft:oak_planks":322,"minecraft:mossy_stone_brick_stairs":1,"minecraft:poisonous_potato":1,"minecraft:sand":304,"minecraft:jungle_planks":19,"minecraft:grass_block":19,"minecraft:dark_oak_log":1089,"minecraft:chiseled_sandstone":3,"minecraft:barrel":2,"minecraft:dispenser":2,"minecraft:diamond":234,"minecraft:netherite_helmet":1,"minecraft:miner_pottery_sherd":3,"minecraft:breeze_rod":38,"minecraft:crossbow":9,"minecraft:granite":64,"minecraft:golden_apple":4,"minecraft:bread":24,"minecraft:chainmail_helmet":2,"minecraft:emerald":380,"minecraft:oak_sapling":327,"minecraft:light_gray_carpet":3,"minecraft:netherrack":507,"minecraft:ominous_trial_key":16,"minecraft:diamond_pickaxe":5,"minecraft:charcoal":8,"minecraft:waxed_oxidized_cut_copper":2,"minecraft:crafting_table":9,"minecraft:splash_potion":1,"minecraft:ominous_bottle":6,"minecraft:chicken":6,"minecraft:clay_ball":16,"minecraft:chest_minecart":1,"minecraft:diamond_horse_armor":1,"minecraft:gold_block":1,"minecraft:music_disc_creator":1,"minecraft:chain":1,"minecraft:shield":1,"minecraft:brick":82,"minecraft:wind_charge":230,"minecraft:moss_carpet":1,"minecraft:red_bed":7,"minecraft:flow_banner_pattern":4,"minecraft:iron_axe":3,"minecraft:flint_and_steel":1,"minecraft:netherite_scrap":35,"minecraft:iron_shovel":1,"minecraft:beef":24,"minecraft:oak_boat":5,"minecraft:player_head":7,"minecraft:iron_nugget":85,"minecraft:sugar_cane":8,"minecraft:chest":17,"minecraft:waxed_oxidized_copper":3,"minecraft:egg":3,"minecraft:dark_oak_sapling":4,"minecraft:raw_iron":309,"minecraft:sandstone":59,"minecraft:bamboo_hanging_sign":4,"minecraft:copper_ingot":13,"travelersbackpack:netherite_tier_upgrade":1,"minecraft:bowl":1,"minecraft:cake":3,"minecraft:mace":1,"minecraft:stone_button":1,"minecraft:carrot":3,"minecraft:redstone":634,"minecraft:netherite_pickaxe":2,"minecraft:iron_horse_armor":1,"minecraft:dark_oak_planks":597,"minecraft:tnt":2,"minecraft:arrow":353,"minecraft:diamond_chestplate":11,"minecraft:decorated_pot":8,"minecraft:nether_bricks":6,"minecraft:waxed_oxidized_cut_copper_stairs":4,"minecraft:gold_ingot":9,"minecraft:saddle":6,"minecraft:flow_armor_trim_smithing_template":4,"minecraft:tuff_bricks":40,"minecraft:glow_berries":8,"minecraft:mutton":14,"minecraft:white_wool":5,"minecraft:rail":3,"minecraft:netherite_boots":1,"minecraft:basalt":7,"minecraft:golden_carrot":16,"minecraft:glow_ink_sac":5,"minecraft:tripwire_hook":10,"minecraft:leather":31,"minecraft:cut_sandstone":13,"minecraft:red_mushroom":8,"minecraft:waxed_copper_bulb":1,"minecraft:oak_log":1240,"minecraft:waxed_copper_block":15,"minecraft:lily_pad":1,"minecraft:gunpowder":7,"minecraft:white_banner":6,"minecraft:orange_terracotta":1,"minecraft:apple":99,"minecraft:stone_bricks":2,"minecraft:iron_ingot":104,"minecraft:cooked_chicken":2,"minecraft:glass_bottle":6,"minecraft:acacia_sapling":1,"minecraft:soul_sand":14,"minecraft:dark_oak_stairs":79,"minecraft:book":131,"minecraft:emerald_block":7,"minecraft:heavy_core":2,"minecraft:stone_brick_slab":1,"minecraft:quartz":37,"minecraft:dripstone_block":10,"minecraft:gravel":24,"minecraft:lava_bucket":2,"minecraft:white_bed":3,"minecraft:crying_obsidian":1,"minecraft:spider_eye":80,"minecraft:polished_tuff":3,"travelersbackpack:standard":1,"minecraft:infested_stone_bricks":24,"minecraft:diamond_shovel":4,"minecraft:rib_armor_trim_smithing_template":15,"minecraft:iron_helmet":1,"quartzelv:quartz_elevator":2,"minecraft:diamond_axe":6,"minecraft:oak_button":1,"minecraft:baked_potato":28,"minecraft:netherite_hoe":1,"minecraft:coal":526,"minecraft:chiseled_tuff_bricks":15,"minecraft:hopper":1,"minecraft:ender_pearl":3},"minecraft:broken":{"minecraft:diamond_helmet":1,"minecraft:golden_shovel":1,"minecraft:diamond_shovel":1,"minecraft:shield":1,"minecraft:iron_pickaxe":2}},"DataVersion":3953}