{"stats":{"minecraft:picked_up":{"minecraft:diamond_sword":4,"minecraft:calibrated_sculk_sensor":1,"minecraft:oak_stairs":3,"minecraft:enchanted_book":7,"minecraft:stone_brick_stairs":4,"minecraft:music_disc_cat":1,"minecraft:string":8,"minecraft:raw_copper":2,"minecraft:sticky_piston":8,"universal_graves:grave_compass":1,"minecraft:experience_bottle":6,"minecraft:diamond_leggings":1,"minecraft:gold_nugget":4,"minecraft:cobbled_deepslate":52,"minecraft:trial_key":3,"minecraft:cobblestone_slab":128,"minecraft:iron_pickaxe":1,"minecraft:enchanted_golden_apple":3,"minecraft:furnace":1,"minecraft:tipped_arrow":55,"minecraft:stick":82,"minecraft:jukebox":1,"minecraft:torch":1,"minecraft:porkchop":27,"minecraft:waxed_copper_grate":3,"minecraft:diorite":1,"minecraft:brown_carpet":2,"minecraft:orange_bed":2,"minecraft:rotten_flesh":59,"minecraft:obsidian":13,"minecraft:cobblestone":1702,"minecraft:cooked_beef":5,"minecraft:magma_cream":5,"minecraft:flint":4,"minecraft:tuff":4,"minecraft:lapis_lazuli":104,"minecraft:dirt":967,"minecraft:name_tag":1,"minecraft:bone":36,"minecraft:wheat_seeds":20,"minecraft:raw_gold":11,"minecraft:rabbit":2,"minecraft:diamond_helmet":1,"minecraft:oak_planks":3,"minecraft:sand":63,"minecraft:spectral_arrow":32,"minecraft:dark_oak_log":1224,"minecraft:barrel":5,"minecraft:blue_terracotta":2,"minecraft:diamond":203,"minecraft:slime_block":5,"minecraft:lever":1,"minecraft:miner_pottery_sherd":4,"minecraft:waxed_oxidized_copper_grate":1,"minecraft:granite":3,"minecraft:crossbow":2,"minecraft:breeze_rod":5,"minecraft:emerald":200,"minecraft:netherrack":60,"minecraft:dark_oak_fence":6,"minecraft:ominous_trial_key":16,"minecraft:diamond_pickaxe":4,"minecraft:charcoal":4,"minecraft:crafting_table":7,"minecraft:ominous_bottle":3,"minecraft:nether_wart":10,"minecraft:chest_minecart":1,"minecraft:stone_brick_wall":13,"minecraft:music_disc_creator":5,"minecraft:brick":64,"minecraft:wind_charge":97,"minecraft:flow_banner_pattern":3,"minecraft:iron_axe":1,"minecraft:beef":9,"minecraft:player_head":4,"minecraft:observer":21,"minecraft:iron_nugget":31,"minecraft:chest":78,"minecraft:egg":2,"minecraft:dark_oak_sapling":77,"minecraft:raw_iron":4,"minecraft:sandstone":21,"minecraft:fire_charge":4,"minecraft:mace":1,"minecraft:stone_button":1,"minecraft:redstone":16,"minecraft:dark_oak_planks":157,"minecraft:tnt":8,"minecraft:arrow":44,"minecraft:diamond_chestplate":1,"minecraft:decorated_pot":1,"minecraft:diamond_boots":1,"minecraft:flow_armor_trim_smithing_template":3,"minecraft:saddle":1,"minecraft:gold_ingot":13,"minecraft:mutton":10,"minecraft:rail":10,"minecraft:bone_block":4,"minecraft:white_wool":4,"minecraft:emerald_ore":5,"minecraft:oxeye_daisy":1,"minecraft:basalt":2,"minecraft:golden_carrot":9,"minecraft:tripwire_hook":2,"minecraft:leather":15,"minecraft:music_disc_stal":2,"minecraft:gunpowder":6,"minecraft:white_banner":3,"minecraft:red_carpet":1,"minecraft:apple":12,"minecraft:stone_bricks":80,"minecraft:iron_ingot":31,"minecraft:soul_sand":13,"minecraft:dark_oak_slab":27,"minecraft:emerald_block":4,"minecraft:chiseled_stone_bricks":83,"minecraft:quartz":12,"minecraft:dandelion":8,"minecraft:dripstone_block":1,"minecraft:gravel":53,"minecraft:amethyst_shard":7,"minecraft:spider_eye":3,"minecraft:music_disc_mall":2,"minecraft:diamond_axe":5,"minecraft:baked_potato":9,"minecraft:brown_banner":1,"minecraft:damaged_anvil":1,"minecraft:coal":161,"minecraft:hopper":10},"minecraft:broken":{"minecraft:diamond_helmet":1,"minecraft:diamond_boots":1,"minecraft:diamond_leggings":1,"minecraft:iron_axe":1,"minecraft:iron_pickaxe":1},"minecraft:killed":{"minecraft:cave_spider":39,"minecraft:spider":10,"minecraft:skeleton":26,"minecraft:silverfish":8,"minecraft:magma_cube":6,"minecraft:pig":14,"minecraft:zombie_villager":7,"minecraft:creeper":2,"minecraft:sheep":6,"minecraft:pillager":5,"minecraft:zombie":39,"minecraft:cow":4,"minecraft:blaze":2,"minecraft:bogged":11,"minecraft:vindicator":1,"minecraft:husk":8,"minecraft:breeze":2,"minecraft:wither_skeleton":1},"minecraft:crafted":{"minecraft:cobblestone_slab":18,"minecraft:stone":384,"minecraft:lever":1,"minecraft:diamond_shovel":1,"minecraft:cooked_mutton":7,"minecraft:glass":63,"minecraft:hopper":9,"minecraft:stone_brick_slab":414,"minecraft:diamond_helmet":2,"minecraft:diamond_leggings":1,"minecraft:chest":178,"minecraft:netherite_helmet":1,"minecraft:netherite_upgrade_smithing_template":32,"minecraft:chiseled_stone_bricks":160,"minecraft:stone_bricks":900,"minecraft:cooked_rabbit":2,"minecraft:dropper":1,"minecraft:cooked_porkchop":27,"minecraft:diamond_axe":1,"minecraft:crafting_table":3,"minecraft:brown_dye":2,"minecraft:smithing_table":1,"minecraft:stone_brick_stairs":24,"minecraft:dark_oak_slab":378,"minecraft:diamond_pickaxe":2,"minecraft:shield":3,"minecraft:stick":136,"minecraft:crafter":1,"minecraft:iron_ingot":66,"minecraft:iron_block":3,"minecraft:gold_ingot":37,"minecraft:netherite_ingot":6,"minecraft:stone_brick_wall":54,"minecraft:netherite_sword":1,"minecraft:jukebox":1,"minecraft:player_head":2,"minecraft:furnace":2,"minecraft:rib_armor_trim_smithing_template":26,"minecraft:glass_pane":32,"minecraft:dark_oak_fence":45,"minecraft:iron_axe":1,"minecraft:diamond_boots":1,"minecraft:dark_oak_planks":2644,"minecraft:cooked_beef":3,"minecraft:diamond_sword":1,"minecraft:smooth_sandstone":17,"minecraft:air":0,"minecraft:torch":12,"minecraft:diamond_chestplate":1},"minecraft:dropped":{"minecraft:diamond_axe":4,"minecraft:diamond":8,"minecraft:dark_oak_slab":6,"minecraft:crossbow":1,"minecraft:netherite_upgrade_smithing_template":8,"minecraft:leather":14,"minecraft:saddle":1,"minecraft:rail":3,"minecraft:red_carpet":1,"minecraft:dirt":66,"minecraft:dark_oak_log":20,"minecraft:netherite_scrap":1,"minecraft:stone_button":1,"minecraft:mutton":2,"minecraft:gold_nugget":10,"minecraft:gilded_blackstone":4,"minecraft:amethyst_shard":7,"minecraft:bone_block":2,"minecraft:dark_oak_planks":38,"minecraft:white_wool":1,"minecraft:gold_ingot":15,"minecraft:bone":22,"minecraft:gravel":6,"minecraft:emerald_block":2,"minecraft:iron_nugget":31,"minecraft:golden_chestplate":1,"minecraft:rotten_flesh":16,"universal_graves:grave_compass":1,"minecraft:wind_charge":3,"minecraft:tipped_arrow":26,"minecraft:gunpowder":4,"minecraft:stone_brick_wall":6,"minecraft:breeze_rod":5,"minecraft:basalt":2,"minecraft:arrow":40,"minecraft:iron_ingot":1,"minecraft:enchanted_book":2,"minecraft:wheat_seeds":15,"minecraft:dripstone_block":1,"minecraft:cobblestone":3,"minecraft:granite":1,"minecraft:ominous_trial_key":4,"minecraft:coal":1,"minecraft:iron_block":1,"minecraft:golden_carrot":1,"minecraft:diamond_helmet":1,"minecraft:fire_charge":4,"minecraft:rib_armor_trim_smithing_template":9,"minecraft:iron_axe":1,"minecraft:flow_banner_pattern":1,"minecraft:string":5,"minecraft:tripwire_hook":2,"minecraft:music_disc_cat":1,"minecraft:dandelion":6,"minecraft:blue_terracotta":2,"minecraft:nether_wart":10,"minecraft:raw_copper":2,"minecraft:diamond_hoe":1,"minecraft:diamond_sword":3,"minecraft:diamond_chestplate":1,"minecraft:diamond_pickaxe":8,"minecraft:miner_pottery_sherd":1,"minecraft:spider_eye":3,"minecraft:brown_carpet":2,"minecraft:stone_pickaxe":16,"minecraft:magma_cream":10,"minecraft:brick":64},"minecraft:used":{"minecraft:chest":197,"minecraft:shield":86,"minecraft:stone":65,"minecraft:player_head":4,"minecraft:rotten_flesh":3,"minecraft:crafter":1,"minecraft:obsidian":13,"minecraft:glass":5,"minecraft:lava_bucket":3,"minecraft:dark_oak_slab":373,"minecraft:stone_brick_stairs":25,"minecraft:stone_bricks":494,"minecraft:ominous_bottle":3,"minecraft:furnace":1,"minecraft:dark_oak_sapling":70,"minecraft:diorite":1,"minecraft:damaged_anvil":1,"minecraft:diamond_boots":1,"minecraft:sandstone":4,"minecraft:diamond_axe":204,"minecraft:golden_apple":6,"minecraft:crossbow":1,"minecraft:stone_brick_wall":61,"minecraft:lever":2,"minecraft:mace":19,"minecraft:dark_oak_log":214,"minecraft:bread":5,"minecraft:gravel":45,"minecraft:diamond_sword":604,"minecraft:dark_oak_fence":18,"minecraft:smithing_table":1,"minecraft:cooked_rabbit":2,"minecraft:chain":4,"minecraft:chest_minecart":1,"minecraft:experience_bottle":4,"minecraft:netherite_sword":12,"minecraft:redstone":4,"minecraft:trial_key":3,"minecraft:orange_bed":1,"minecraft:torch":12,"minecraft:dirt":474,"minecraft:hopper":19,"minecraft:diamond_helmet":1,"minecraft:dark_oak_planks":100,"minecraft:iron_axe":103,"minecraft:barrel":4,"minecraft:diamond_chestplate":1,"minecraft:golden_carrot":20,"minecraft:emerald_block":1,"minecraft:cooked_beef":8,"minecraft:cobbled_deepslate":50,"minecraft:observer":18,"minecraft:enchanted_golden_apple":4,"minecraft:cooked_mutton":7,"minecraft:water_bucket":5,"minecraft:baked_potato":9,"minecraft:cobblestone_slab":12,"minecraft:rail":1,"minecraft:tnt":3,"minecraft:crafting_table":9,"minecraft:diamond_pickaxe":1789,"minecraft:apple":43,"minecraft:ominous_trial_key":12,"minecraft:diamond_shovel":955,"minecraft:wind_charge":88,"minecraft:iron_pickaxe":425,"minecraft:chiseled_stone_bricks":202,"minecraft:cobblestone":36,"minecraft:cooked_porkchop":29,"minecraft:bucket":8,"minecraft:glass_pane":23,"minecraft:diamond_leggings":1,"minecraft:jukebox":2},"minecraft:killed_by":{"minecraft:zombie_villager":2,"minecraft:player":4},"minecraft:mined":{"minecraft:dark_oak_planks":59,"minecraft:spruce_planks":1,"minecraft:obsidian":12,"minecraft:granite":1,"minecraft:grass_block":355,"minecraft:stone_brick_wall":8,"minecraft:hopper":10,"minecraft:nether_wart":10,"minecraft:tuff_bricks":14,"minecraft:chiseled_stone_bricks":84,"minecraft:spawner":2,"minecraft:magma_block":5,"minecraft:cobbled_deepslate":7,"minecraft:fire":5,"minecraft:iron_ore":2,"minecraft:sticky_piston":6,"minecraft:barrel":3,"minecraft:deepslate_lapis_ore":1,"minecraft:dirt_path":1,"minecraft:deepslate_redstone_ore":1,"minecraft:cut_sandstone":1,"minecraft:orange_terracotta":1,"minecraft:chest":73,"minecraft:nether_quartz_ore":1,"minecraft:glass":4,"minecraft:cobblestone":142,"minecraft:slime_block":7,"minecraft:oak_planks":1,"minecraft:damaged_anvil":1,"minecraft:deepslate_copper_ore":2,"minecraft:red_candle":1,"minecraft:blue_terracotta":2,"minecraft:dark_oak_slab":19,"minecraft:jukebox":1,"minecraft:waxed_copper_block":5,"minecraft:tnt":2,"minecraft:stone_brick_stairs":4,"minecraft:dark_oak_sapling":21,"minecraft:sand":64,"minecraft:dirt":609,"minecraft:tripwire_hook":2,"minecraft:dispenser":1,"minecraft:netherrack":63,"minecraft:ancient_debris":1,"minecraft:oak_leaves":2,"minecraft:deepslate":55,"minecraft:nether_gold_ore":2,"minecraft:diamond_ore":1,"minecraft:tuff":4,"minecraft:dark_oak_leaves":44,"minecraft:deepslate_diamond_ore":5,"minecraft:dark_oak_log":19,"minecraft:lever":1,"minecraft:dark_oak_fence":6,"minecraft:decorated_pot":38,"minecraft:redstone_wire":2,"minecraft:infested_chiseled_stone_bricks":1,"minecraft:brown_banner":1,"minecraft:red_mushroom":2,"minecraft:sandstone":23,"minecraft:redstone_ore":1,"minecraft:furnace":3,"minecraft:waxed_copper_grate":3,"minecraft:chiseled_sandstone":1,"minecraft:nether_brick_fence":1,"minecraft:deepslate_iron_ore":1,"minecraft:cobblestone_slab":1,"minecraft:waxed_weathered_copper_bulb":1,"minecraft:stone":1456,"minecraft:glass_pane":2,"minecraft:soul_sand":10,"minecraft:brown_carpet":1,"minecraft:basalt":5,"minecraft:observer":20,"minecraft:dandelion":1,"minecraft:oak_fence":1,"minecraft:crafting_table":7,"minecraft:short_grass":46,"minecraft:emerald_ore":5,"minecraft:campfire":2,"minecraft:tall_grass":46,"minecraft:copper_ore":3,"minecraft:deepslate_coal_ore":1,"minecraft:deepslate_gold_ore":1,"minecraft:lapis_ore":2,"minecraft:diorite":3,"minecraft:birch_planks":1,"minecraft:waxed_oxidized_copper_grate":1,"minecraft:white_wall_banner":1,"minecraft:coal_ore":8,"minecraft:gravel":113,"minecraft:flower_pot":1,"minecraft:dripstone_block":3,"minecraft:cobweb":2,"minecraft:stone_bricks":81,"minecraft:gold_ore":4,"minecraft:deepslate_emerald_ore":1},"minecraft:custom":{"minecraft:interact_with_crafting_table":118,"minecraft:open_barrel":37,"minecraft:leave_game":10,"minecraft:time_since_death":48513,"minecraft:damage_resisted":396,"minecraft:sprint_one_cm":1425434,"minecraft:damage_blocked_by_shield":2706,"minecraft:drop":157,"minecraft:play_time":502326,"minecraft:deaths":11,"minecraft:jump":7603,"minecraft:walk_on_water_one_cm":23758,"minecraft:interact_with_furnace":105,"minecraft:play_record":5,"minecraft:interact_with_cartography_table":1,"minecraft:sleep_in_bed":14,"minecraft:damage_dealt":28062,"minecraft:crouch_one_cm":9760,"minecraft:inspect_dispenser":5,"minecraft:interact_with_smithing_table":29,"minecraft:interact_with_anvil":9,"minecraft:mob_kills":194,"minecraft:inspect_hopper":15,"minecraft:climb_one_cm":10542,"minecraft:walk_one_cm":1204427,"minecraft:raid_win":1,"minecraft:sneak_time":7916,"minecraft:walk_under_water_one_cm":2443,"minecraft:total_world_time":502326,"minecraft:time_since_rest":17979,"minecraft:damage_taken":9192,"minecraft:damage_absorbed":653,"minecraft:trigger_trapped_chest":1,"minecraft:swim_one_cm":11682,"minecraft:fly_one_cm":2039522,"minecraft:open_chest":589,"minecraft:fall_one_cm":254285}},"DataVersion":3953}