{"stats":{"minecraft:custom":{"minecraft:time_since_rest":19406,"minecraft:damage_taken":42049,"minecraft:walk_one_cm":2435,"minecraft:drop":1603,"minecraft:fly_one_cm":600,"minecraft:play_time":812299,"minecraft:deaths":2,"minecraft:leave_game":2,"minecraft:time_since_death":19406,"minecraft:walk_on_water_one_cm":89897,"minecraft:total_world_time":812299},"minecraft:mined":{"minecraft:nether_gold_ore":304,"minecraft:deepslate_redstone_ore":323,"minecraft:diamond_ore":324,"minecraft:redstone_ore":323,"minecraft:deepslate_diamond_ore":305,"minecraft:iron_ore":317,"minecraft:deepslate_lapis_ore":305,"minecraft:obsidian":4,"minecraft:emerald_ore":337,"minecraft:coal_ore":340,"minecraft:deepslate_iron_ore":350,"minecraft:dirt":24,"minecraft:nether_quartz_ore":329,"minecraft:copper_ore":301,"minecraft:cobblestone":17956,"minecraft:deepslate_coal_ore":314,"minecraft:lapis_ore":330,"minecraft:deepslate_gold_ore":307,"minecraft:ancient_debris":339,"minecraft:hopper":2,"minecraft:gold_ore":353,"minecraft:deepslate_emerald_ore":281,"minecraft:deepslate_copper_ore":317},"minecraft:dropped":{"minecraft:dirt":1,"minecraft:lapis_lazuli":384,"minecraft:netherite_scrap":31,"minecraft:raw_copper":146,"minecraft:diamond":14,"minecraft:raw_iron":34,"minecraft:cobblestone":630,"minecraft:gold_nugget":107,"minecraft:raw_gold":45,"minecraft:quartz":37,"minecraft:coal":31,"minecraft:redstone":99,"minecraft:emerald":44},"minecraft:killed_by":{"minecraft:skeleton":1,"minecraft:zombie":1},"minecraft:picked_up":{"minecraft:raw_iron":34,"minecraft:quartz":37,"minecraft:redstone":99,"minecraft:netherite_pickaxe":2,"minecraft:lapis_lazuli":384,"minecraft:dirt":5,"minecraft:raw_copper":146,"minecraft:netherite_scrap":32,"minecraft:diamond":14,"minecraft:gold_nugget":107,"minecraft:raw_gold":45,"minecraft:emerald":44,"minecraft:obsidian":1,"minecraft:diamond_pickaxe":2,"minecraft:coal":31,"minecraft:cobblestone":631},"minecraft:broken":{"minecraft:diamond_pickaxe":1},"minecraft:used":{"minecraft:diamond_pickaxe":23224,"minecraft:netherite_pickaxe":861}},"DataVersion":3953}