{"stats":{"minecraft:dropped":{"minecraft:wheat_seeds":44,"minecraft:dripstone_block":2,"minecraft:feather":7,"minecraft:iron_helmet":1,"minecraft:cobblestone":2,"minecraft:flint":1,"minecraft:dirt":1,"minecraft:mutton":2,"minecraft:iron_leggings":1,"minecraft:gold_nugget":5,"minecraft:iron_pickaxe":1,"minecraft:stone_axe":1,"minecraft:cobbled_deepslate":46,"minecraft:tuff":3,"minecraft:pointed_dripstone":2,"minecraft:chicken":3,"minecraft:rotten_flesh":2,"minecraft:light_gray_wool":1,"minecraft:iron_boots":1,"minecraft:poppy":1,"minecraft:gunpowder":2,"minecraft:iron_chestplate":1,"minecraft:oak_sapling":12,"minecraft:acacia_sapling":5,"minecraft:basalt":3,"minecraft:arrow":3,"minecraft:wooden_pickaxe":1,"minecraft:quartz":315,"minecraft:netherrack":56},"minecraft:crafted":{"minecraft:cooked_chicken":3,"minecraft:furnace":1,"minecraft:cooked_mutton":26,"minecraft:diamond_helmet":1,"minecraft:diamond_leggings":1,"minecraft:iron_boots":1,"minecraft:stone_pickaxe":1,"minecraft:diamond_boots":1,"minecraft:golden_boots":1,"minecraft:smoker":1,"minecraft:cooked_beef":6,"minecraft:coal_block":1,"minecraft:diamond_sword":1,"minecraft:cooked_porkchop":11,"minecraft:diamond_axe":1,"minecraft:crafting_table":2,"minecraft:enchanting_table":1,"minecraft:jungle_boat":1,"minecraft:wooden_pickaxe":1,"minecraft:iron_helmet":1,"minecraft:bucket":1,"minecraft:stone_axe":1,"minecraft:bread":18,"minecraft:air":0,"minecraft:jungle_planks":36,"minecraft:iron_chestplate":1,"minecraft:book":3,"minecraft:paper":9,"minecraft:diamond_pickaxe":1,"minecraft:shield":1,"minecraft:stick":12,"minecraft:iron_ingot":27,"minecraft:iron_pickaxe":1,"minecraft:iron_leggings":1,"minecraft:gold_ingot":5,"minecraft:white_bed":1,"minecraft:acacia_planks":56,"minecraft:diamond_chestplate":1},"minecraft:used":{"minecraft:enchanting_table":1,"minecraft:shield":11,"minecraft:cooked_chicken":3,"minecraft:netherrack":49,"minecraft:iron_chestplate":1,"minecraft:torch":1,"minecraft:dirt":2,"minecraft:basalt":33,"minecraft:beef":1,"minecraft:furnace":3,"minecraft:cooked_beef":4,"minecraft:cobbled_deepslate":83,"minecraft:iron_leggings":1,"minecraft:wheat_seeds":117,"minecraft:cooked_mutton":4,"minecraft:water_bucket":12,"minecraft:diamond_boots":1,"minecraft:stone_pickaxe":38,"minecraft:blackstone":1,"minecraft:wooden_pickaxe":20,"minecraft:diamond_axe":12,"minecraft:jungle_boat":5,"minecraft:crafting_table":11,"minecraft:white_bed":2,"minecraft:smoker":1,"minecraft:diamond_pickaxe":251,"minecraft:bread":18,"minecraft:iron_pickaxe":137,"minecraft:gravel":3,"minecraft:stone_axe":37,"minecraft:diamond_sword":100,"minecraft:cobblestone":29,"minecraft:bucket":13},"minecraft:killed":{"minecraft:skeleton":5,"minecraft:chicken":6,"minecraft:pig":5,"minecraft:iron_golem":1,"minecraft:sheep":10,"minecraft:zombie":4,"minecraft:cow":5,"minecraft:enderman":1},"minecraft:custom":{"minecraft:mob_kills":37,"minecraft:interact_with_crafting_table":28,"minecraft:leave_game":15,"minecraft:time_since_death":2853,"minecraft:climb_one_cm":91,"minecraft:sprint_one_cm":174158,"minecraft:walk_one_cm":133159,"minecraft:damage_blocked_by_shield":347,"minecraft:drop":54,"minecraft:play_time":89834,"minecraft:deaths":2,"minecraft:sneak_time":15742,"minecraft:walk_under_water_one_cm":11538,"minecraft:boat_one_cm":207862,"minecraft:jump":2161,"minecraft:walk_on_water_one_cm":16749,"minecraft:enchant_item":1,"minecraft:total_world_time":89834,"minecraft:interact_with_furnace":42,"minecraft:sleep_in_bed":2,"minecraft:time_since_rest":2882,"minecraft:damage_taken":1983,"minecraft:damage_dealt":5079,"minecraft:swim_one_cm":35391,"minecraft:fly_one_cm":352026,"minecraft:open_chest":3,"minecraft:crouch_one_cm":57539,"minecraft:interact_with_smoker":17,"minecraft:fall_one_cm":75895},"minecraft:broken":{"minecraft:stone_pickaxe":1},"minecraft:killed_by":{"minecraft:skeleton":1},"minecraft:mined":{"minecraft:nether_gold_ore":1,"minecraft:tuff":2,"minecraft:white_bed":2,"minecraft:deepslate_diamond_ore":7,"minecraft:obsidian":16,"minecraft:acacia_log":5,"minecraft:grass_block":3,"minecraft:decorated_pot":1,"minecraft:furnace":3,"minecraft:iron_ore":7,"minecraft:cobbled_deepslate":3,"minecraft:fire":15,"minecraft:enchanting_table":1,"minecraft:deepslate_iron_ore":1,"minecraft:stone":42,"minecraft:acacia_leaves":1,"minecraft:blackstone":1,"minecraft:smoker":1,"minecraft:basalt":57,"minecraft:crafting_table":11,"minecraft:short_grass":7,"minecraft:sculk_sensor":1,"minecraft:nether_quartz_ore":42,"minecraft:tall_grass":12,"minecraft:cobblestone":3,"minecraft:lapis_ore":1,"minecraft:deepslate_gold_ore":2,"minecraft:sugar_cane":10,"minecraft:sculk":2,"minecraft:wheat":68,"minecraft:coal_ore":7,"minecraft:gravel":5,"minecraft:netherrack":109,"minecraft:oak_leaves":6,"minecraft:deepslate":130,"minecraft:fern":1},"minecraft:picked_up":{"minecraft:crafting_table":13,"minecraft:wheat":54,"minecraft:chicken":6,"minecraft:shield":1,"universal_graves:grave_compass":1,"minecraft:blackstone":1,"minecraft:diamond_leggings":1,"minecraft:gold_nugget":5,"minecraft:cobbled_deepslate":137,"minecraft:beef":7,"minecraft:poppy":1,"minecraft:light_gray_wool":1,"minecraft:sugar_cane":21,"minecraft:furnace":3,"minecraft:egg":4,"minecraft:stick":7,"minecraft:raw_iron":41,"minecraft:torch":11,"minecraft:acacia_log":14,"minecraft:porkchop":11,"minecraft:pointed_dripstone":2,"minecraft:arrow":6,"minecraft:diamond_chestplate":1,"minecraft:rotten_flesh":2,"minecraft:diamond_boots":1,"minecraft:gold_ingot":3,"minecraft:obsidian":28,"minecraft:mutton":18,"minecraft:white_wool":15,"minecraft:cobblestone":52,"minecraft:enchanting_table":2,"minecraft:cooked_beef":2,"minecraft:jungle_boat":6,"minecraft:feather":7,"minecraft:basalt":78,"minecraft:water_bucket":1,"minecraft:jungle_log":9,"minecraft:leather":11,"minecraft:smoker":2,"minecraft:potato":1,"minecraft:flint":1,"minecraft:tuff":3,"minecraft:oak_log":18,"minecraft:golden_boots":1,"minecraft:gunpowder":2,"minecraft:lapis_lazuli":84,"minecraft:dirt":3,"minecraft:cooked_mutton":24,"minecraft:bone":16,"minecraft:acacia_planks":33,"minecraft:apple":4,"minecraft:wheat_seeds":161,"minecraft:raw_gold":6,"minecraft:iron_ingot":4,"minecraft:diamond_helmet":1,"minecraft:acacia_sapling":5,"minecraft:book":2,"minecraft:cooked_porkchop":11,"minecraft:quartz":315,"minecraft:jungle_planks":28,"minecraft:dripstone_block":2,"minecraft:gravel":3,"minecraft:white_bed":3,"minecraft:diamond":60,"minecraft:diamond_axe":1,"minecraft:oak_sapling":12,"minecraft:coal":287,"minecraft:netherrack":105,"minecraft:diamond_pickaxe":1,"minecraft:ender_pearl":2}},"DataVersion":3953}