{"stats":{"minecraft:custom":{"minecraft:time_since_rest":63624,"minecraft:damage_taken":1450,"minecraft:play_time":260942,"minecraft:walk_one_cm":2011,"minecraft:deaths":5,"minecraft:leave_game":6,"minecraft:time_since_death":63624,"minecraft:walk_on_water_one_cm":108,"minecraft:total_world_time":260942,"minecraft:fly_one_cm":541},"minecraft:mined":{"minecraft:emerald_ore":91,"minecraft:nether_gold_ore":88,"minecraft:deepslate_redstone_ore":89,"minecraft:diamond_ore":101,"minecraft:coal_ore":100,"minecraft:redstone_ore":116,"minecraft:deepslate_iron_ore":78,"minecraft:deepslate_diamond_ore":131,"minecraft:iron_ore":126,"minecraft:nether_quartz_ore":95,"minecraft:copper_ore":92,"minecraft:cobblestone":5448,"minecraft:deepslate_coal_ore":108,"minecraft:stone":3,"minecraft:deepslate_gold_ore":89,"minecraft:lapis_ore":106,"minecraft:ancient_debris":119,"minecraft:hopper":1,"minecraft:gold_ore":98,"minecraft:deepslate_lapis_ore":104,"minecraft:deepslate_emerald_ore":110,"minecraft:deepslate_copper_ore":98},"minecraft:killed_by":{"minecraft:player":5},"minecraft:picked_up":{"minecraft:raw_iron":1,"minecraft:netherite_scrap":10,"minecraft:diamond":1,"minecraft:quartz":4,"minecraft:raw_gold":11,"minecraft:emerald":3,"minecraft:redstone":12,"minecraft:coal":2,"minecraft:lapis_lazuli":29,"minecraft:diamond_pickaxe":3,"minecraft:hopper":1,"minecraft:cobblestone":36},"minecraft:used":{"minecraft:diamond_pickaxe":7391}},"DataVersion":3953}