{"stats":{"minecraft:crafted":{"travelersbackpack:crafting_upgrade":2,"minecraft:lever":64,"minecraft:diamond_shovel":2,"minecraft:bookshelf":116,"minecraft:mace":2,"minecraft:glass":175,"minecraft:diamond_helmet":5,"minecraft:diamond_leggings":4,"minecraft:netherite_boots":1,"minecraft:name_tag":12,"minecraft:emerald":3109,"minecraft:cooked_porkchop":7,"minecraft:diamond_axe":1,"travelersbackpack:standard":6,"minecraft:copper_ingot":532,"minecraft:lectern":38,"minecraft:iron_pickaxe":1,"minecraft:iron_block":71,"minecraft:gold_ingot":990,"minecraft:zombie_spawn_egg":6,"minecraft:netherite_ingot":79,"minecraft:composter":1,"minecraft:packed_ice":192,"minecraft:golden_carrot":1443,"minecraft:spider_spawn_egg":2,"minecraft:iron_nugget":27,"minecraft:player_head":7,"minecraft:diamond_hoe":1,"minecraft:wind_charge":200,"minecraft:diamond":36,"minecraft:netherite_axe":1,"travelersbackpack:white_sleeping_bag":1,"minecraft:diamond_boots":4,"minecraft:redstone_block":257,"minecraft:dark_oak_planks":6644,"minecraft:wheat":99,"minecraft:coal_block":64,"minecraft:crossbow":5,"minecraft:netherite_pickaxe":2,"minecraft:enchanted_book":48,"autoworkstations:gold_auto_crafting_table":1,"minecraft:white_bed":1,"minecraft:oak_planks":84,"minecraft:cobblestone_slab":811,"minecraft:cooked_chicken":1,"minecraft:stone":128,"minecraft:cobblestone_stairs":40,"minecraft:suspicious_stew":7,"minecraft:poisonous_potato":1,"minecraft:hopper":55,"minecraft:bow":24,"minecraft:iron_boots":1,"minecraft:chest":167,"minecraft:netherite_helmet":2,"minecraft:copper_block":448,"minecraft:netherite_upgrade_smithing_template":58,"minecraft:stone_bricks":384,"travelersbackpack:iron_tier_upgrade":2,"minecraft:arrow":1040,"minecraft:map":2,"minecraft:crafting_table":9,"minecraft:wooden_pickaxe":1,"minecraft:brown_dye":5,"minecraft:gold_block":98,"minecraft:string":4,"minecraft:dark_oak_slab":894,"minecraft:iron_chestplate":1,"minecraft:book":24,"minecraft:paper":2898,"minecraft:diamond_pickaxe":1,"minecraft:emerald_block":101,"minecraft:shield":1,"minecraft:stick":272,"minecraft:iron_ingot":186,"minecraft:stone_sword":1,"travelersbackpack:netherite_tier_upgrade":2,"minecraft:cookie":144,"minecraft:tripwire_hook":5,"minecraft:netherite_sword":1,"minecraft:furnace":10,"minecraft:piston":64,"minecraft:dark_oak_trapdoor":230,"minecraft:diamond_block":64,"minecraft:netherite_chestplate":1,"minecraft:netherite_leggings":1,"minecraft:iron_axe":1,"minecraft:slime_ball":181,"minecraft:observer":64,"minecraft:cooked_beef":16,"minecraft:diamond_sword":1,"minecraft:dark_oak_stairs":40,"travelersbackpack:backpack_tank":2,"minecraft:bucket":1,"minecraft:stone_axe":1,"minecraft:air":0,"minecraft:bread":129,"minecraft:jungle_planks":32,"minecraft:white_wool":40,"minecraft:netherite_shovel":1,"minecraft:anvil":5,"minecraft:pumpkin_pie":44,"minecraft:torch":16,"minecraft:lapis_block":889,"minecraft:diamond_chestplate":4},"minecraft:killed":{"minecraft:cave_spider":54,"minecraft:skeleton":57,"minecraft:chicken":13,"minecraft:magma_cube":10,"minecraft:iron_golem":2,"minecraft:pillager":17,"minecraft:zombie":122,"minecraft:cow":9,"minecraft:vindicator":6,"minecraft:wandering_trader":3,"minecraft:ravager":3,"minecraft:breeze":16,"minecraft:witch":1,"minecraft:spider":90,"minecraft:silverfish":14,"minecraft:piglin_brute":1,"minecraft:piglin":29,"minecraft:pig":4,"minecraft:zombie_villager":13,"minecraft:creeper":21,"minecraft:sheep":1,"minecraft:trader_llama":5,"minecraft:blaze":11,"minecraft:bogged":28,"minecraft:slime":8,"minecraft:wither_skeleton":126,"minecraft:player":6},"minecraft:mined":{"minecraft:dark_oak_planks":104,"minecraft:obsidian":25,"minecraft:potted_dead_bush":3,"minecraft:granite":64,"minecraft:chiseled_tuff_bricks":2,"minecraft:hopper":38,"minecraft:nether_wart":10,"minecraft:spawner":3,"minecraft:polished_blackstone_bricks":36,"minecraft:magma_block":23,"minecraft:dark_oak_trapdoor":37,"minecraft:cobbled_deepslate":3,"minecraft:sticky_piston":4,"minecraft:fire":23,"minecraft:fletching_table":2,"minecraft:deepslate_lapis_ore":1,"minecraft:water_cauldron":2,"minecraft:dirt_path":1,"minecraft:iron_block":1,"minecraft:orange_bed":2,"minecraft:piston_head":10,"reinfchest:netherite_chest":44,"minecraft:brown_mushroom":3,"minecraft:amethyst_cluster":3,"minecraft:torch":2,"minecraft:glass":352,"minecraft:sugar_cane":37,"minecraft:amethyst_block":1,"minecraft:mud":17,"autoworkstations:gold_auto_crafting_table":4,"minecraft:tinted_glass":1,"minecraft:wheat":1,"minecraft:waxed_copper_block":1,"minecraft:oak_fence_gate":1,"minecraft:dark_oak_sapling":29,"minecraft:piston":7,"minecraft:deepslate":54,"minecraft:dark_oak_log":19,"minecraft:nether_bricks":225,"minecraft:redstone_wire":1,"minecraft:cartography_table":6,"minecraft:red_mushroom":1,"minecraft:redstone_ore":3,"minecraft:jungle_sapling":1,"minecraft:waxed_copper_grate":6,"minecraft:andesite":19,"minecraft:cobblestone_slab":8,"minecraft:vine":4,"minecraft:smithing_table":1,"minecraft:redstone_block":1,"minecraft:observer":12,"minecraft:dandelion":5,"minecraft:short_grass":168,"minecraft:tall_grass":211,"minecraft:copper_ore":3,"minecraft:deepslate_gold_ore":1,"minecraft:diorite":3,"minecraft:white_carpet":13,"minecraft:cobweb":51,"minecraft:stone_bricks":18,"minecraft:chipped_anvil":1,"minecraft:gold_ore":3,"minecraft:deepslate_emerald_ore":2,"minecraft:fern":16,"minecraft:oak_sapling":4,"minecraft:cobblestone_stairs":21,"minecraft:sculk_vein":1,"minecraft:brewing_stand":2,"minecraft:budding_amethyst":1,"minecraft:grass_block":676,"minecraft:cracked_polished_blackstone_bricks":1,"minecraft:composter":3,"minecraft:tuff_bricks":3,"minecraft:iron_ore":8,"minecraft:anvil":5,"minecraft:dark_oak_stairs":14,"minecraft:deepslate_redstone_ore":7,"minecraft:blackstone":2,"minecraft:calcite":4,"minecraft:poppy":1,"minecraft:chest":174,"minecraft:nether_quartz_ore":19,"minecraft:cobblestone":209,"minecraft:slime_block":10,"minecraft:grindstone":2,"minecraft:oak_planks":16,"minecraft:wall_torch":3,"minecraft:deepslate_copper_ore":4,"reinfchest:diamond_chest":16,"minecraft:red_candle":1,"autoworkstations:gold_auto_experience_orb_emitter":1,"minecraft:tnt":3,"quartzelv:smooth_quartz_elevator":2,"minecraft:oak_log":9,"minecraft:waxed_oxidized_copper_door":3,"minecraft:sand":2,"minecraft:dirt":914,"autoworkstations:netherite_auto_crafting_table":3,"minecraft:tripwire_hook":4,"minecraft:netherrack":171,"minecraft:ancient_debris":2,"minecraft:oak_leaves":14,"minecraft:nether_gold_ore":8,"minecraft:diamond_ore":2,"minecraft:tuff":1,"minecraft:dark_oak_leaves":1,"minecraft:deepslate_diamond_ore":26,"minecraft:lever":4,"minecraft:decorated_pot":110,"minecraft:brown_mushroom_block":4,"minecraft:large_fern":5,"minecraft:hay_block":11,"minecraft:potted_dark_oak_sapling":3,"minecraft:carrots":133,"minecraft:furnace":17,"minecraft:gold_block":18,"minecraft:nether_brick_fence":17,"minecraft:bookshelf":67,"minecraft:deepslate_iron_ore":1,"minecraft:stone":430,"minecraft:basalt":51,"minecraft:oak_fence":17,"minecraft:crafting_table":10,"minecraft:sculk_sensor":1,"minecraft:lectern":10,"minecraft:deepslate_coal_ore":4,"minecraft:lapis_ore":1,"copperhopper:copper_hopper":25,"minecraft:redstone_torch":1,"minecraft:coal_ore":16,"minecraft:flower_pot":9},"minecraft:killed_by":{"minecraft:bogged":1,"minecraft:zombie":4,"minecraft:breeze":1,"minecraft:creeper":2,"minecraft:player":2,"minecraft:skeleton":2},"minecraft:dropped":{"minecraft:ominous_bottle":5,"minecraft:cooked_beef":7,"minecraft:glow_ink_sac":4,"minecraft:diamond":312,"minecraft:crossbow":3,"travelersbackpack:iron_tier_upgrade":1,"minecraft:rail":10,"minecraft:red_mushroom":1,"minecraft:dirt":512,"minecraft:stone_button":1,"minecraft:jungle_sapling":1,"minecraft:iron_pickaxe":2,"minecraft:white_wool":4,"minecraft:cyan_carpet":4,"minecraft:bone":47,"minecraft:stone_axe":1,"minecraft:iron_nugget":163,"minecraft:cobbled_deepslate":15,"minecraft:nether_brick":8,"minecraft:obsidian":1,"minecraft:rotten_flesh":29,"universal_graves:grave_compass":1,"minecraft:oak_planks":18,"travelersbackpack:netherite_tier_upgrade":2,"minecraft:enchanted_golden_apple":3,"minecraft:wind_charge":123,"minecraft:tipped_arrow":52,"minecraft:red_candle":3,"minecraft:jungle_log":12,"minecraft:breeze_rod":1,"minecraft:glass":84,"minecraft:enchanted_book":13,"minecraft:iron_ingot":4,"minecraft:netherite_pickaxe":2,"minecraft:wheat_seeds":23,"minecraft:clock":1,"minecraft:dripstone_block":5,"minecraft:book":131,"minecraft:cobblestone":3,"minecraft:waxed_copper_grate":3,"minecraft:apple":32,"minecraft:coal":6,"minecraft:golden_apple":2,"minecraft:lava_bucket":1,"minecraft:dark_oak_leaves":390,"reinfchest:netherite_chest":13,"minecraft:golden_carrot":5,"minecraft:diamond_helmet":2,"minecraft:rib_armor_trim_smithing_template":7,"minecraft:potion":14,"minecraft:dead_bush":1,"minecraft:armadillo_scute":1,"minecraft:netherite_hoe":1,"minecraft:player_head":2,"minecraft:netherite_ingot":9,"minecraft:stone_sword":8,"minecraft:cocoa_beans":6,"minecraft:iron_boots":3,"minecraft:name_tag":1,"minecraft:diamond_sword":2,"minecraft:cobblestone_slab":126,"minecraft:flower_pot":1,"minecraft:bundle":1,"minecraft:diamond_pickaxe":7,"minecraft:spider_eye":5,"minecraft:guster_pottery_sherd":2,"minecraft:soul_sand":16,"minecraft:diamond_axe":2,"minecraft:baked_potato":6,"minecraft:decorated_pot":9,"minecraft:netherite_upgrade_smithing_template":8,"minecraft:leather":17,"minecraft:deepslate_tile_stairs":1,"minecraft:cracked_polished_blackstone_bricks":1,"minecraft:dark_oak_log":1664,"minecraft:mace":1,"minecraft:netherite_scrap":3,"minecraft:gold_ingot":1746,"minecraft:gravel":445,"minecraft:blackstone":180,"minecraft:pointed_dripstone":1,"minecraft:diamond_shovel":1,"travelersbackpack:gold_tier_upgrade":1,"minecraft:beetroot_seeds":4,"minecraft:arrow":114,"minecraft:quartz":64,"minecraft:splash_potion":7,"minecraft:netherrack":18,"minecraft:bread":10,"minecraft:water_bucket":2,"minecraft:diamond_leggings":2,"minecraft:spectral_arrow":285,"minecraft:amethyst_block":1,"reinfchest:diamond_chest":10,"minecraft:ominous_trial_key":25,"minecraft:stick":4363,"minecraft:fire_charge":2,"minecraft:cyan_candle":5,"minecraft:iron_axe":1,"minecraft:orange_bed":1,"minecraft:tripwire_hook":1,"minecraft:lapis_block":128,"minecraft:dandelion":1,"minecraft:redstone_block":1,"minecraft:tuff_bricks":4,"minecraft:raw_iron":4,"minecraft:wither_skeleton_skull":8,"travelersbackpack:diamond_tier_upgrade":1,"minecraft:light_gray_candle":1,"minecraft:shield":1,"minecraft:trial_key":6,"minecraft:diamond_chestplate":2,"minecraft:iron_chestplate":1,"travelersbackpack:crafting_upgrade":1,"minecraft:oak_sapling":15,"minecraft:diamond_boots":2,"minecraft:wooden_pickaxe":2,"minecraft:brick":74},"minecraft:custom":{"minecraft:interact_with_crafting_table":164,"minecraft:open_barrel":44,"minecraft:leave_game":32,"minecraft:time_since_death":578590,"minecraft:damage_blocked_by_shield":3217,"minecraft:play_time":1462915,"minecraft:deaths":16,"minecraft:jump":16988,"minecraft:interact_with_furnace":122,"minecraft:traded_with_villager":3150,"minecraft:sleep_in_bed":66,"minecraft:damage_dealt":116053,"minecraft:open_diamond_chest":112,"minecraft:interact_with_smithing_table":17,"minecraft:interact_with_anvil":43,"minecraft:inspect_hopper":112,"minecraft:sneak_time":60361,"minecraft:total_world_time":1462915,"minecraft:time_since_rest":102064,"minecraft:swim_one_cm":20652,"minecraft:fly_one_cm":4395090,"minecraft:open_chest":1469,"minecraft:fall_one_cm":436934,"minecraft:animals_bred":5,"minecraft:damage_resisted":303,"minecraft:sprint_one_cm":2379274,"minecraft:drop":783,"minecraft:talked_to_villager":804,"minecraft:walk_on_water_one_cm":160216,"minecraft:player_kills":6,"minecraft:crouch_one_cm":203876,"minecraft:mob_kills":683,"minecraft:climb_one_cm":10701,"minecraft:walk_one_cm":3545331,"minecraft:raid_win":2,"minecraft:walk_under_water_one_cm":49719,"minecraft:open_netherite_chest":874,"minecraft:raid_trigger":2,"minecraft:pot_flower":4,"minecraft:interact_with_grindstone":13,"minecraft:damage_taken":19071,"minecraft:damage_absorbed":616,"minecraft:minecart_one_cm":12358},"minecraft:used":{"minecraft:waxed_oxidized_copper_door":4,"minecraft:tuff_bricks":3,"minecraft:black_carpet":25,"minecraft:chest":200,"minecraft:stone":60,"minecraft:soul_sand":2,"minecraft:lava_bucket":51,"minecraft:netherite_shovel":651,"minecraft:stripped_dark_oak_wood":46,"minecraft:villager_spawn_egg":97,"minecraft:grass_block":8,"minecraft:netherite_hoe":2,"minecraft:dark_oak_slab":4,"minecraft:bow":9,"minecraft:ominous_bottle":4,"minecraft:oak_sapling":4,"minecraft:furnace":8,"minecraft:egg":11,"minecraft:spider_spawn_egg":2,"copperhopper:copper_hopper":35,"minecraft:blackstone":176,"minecraft:wooden_pickaxe":30,"minecraft:composter":12,"minecraft:dark_oak_trapdoor":114,"minecraft:glow_berries":12,"minecraft:golden_apple":3,"minecraft:blue_ice":6,"minecraft:lectern":31,"reinfchest:netherite_chest":80,"minecraft:chiseled_tuff_bricks":2,"minecraft:diamond_sword":917,"minecraft:fire_charge":1,"minecraft:smithing_table":2,"minecraft:piglin_spawn_egg":9,"minecraft:stone_sword":74,"minecraft:tinted_glass":1,"minecraft:wither_skeleton_spawn_egg":1,"minecraft:trial_key":25,"minecraft:netherrack":86,"minecraft:orange_bed":3,"minecraft:torch":33,"minecraft:anvil":25,"minecraft:oak_fence_gate":3,"minecraft:chipped_anvil":1,"minecraft:iron_axe":63,"minecraft:spawner":5,"minecraft:chicken_spawn_egg":1,"minecraft:barrel":1,"minecraft:diamond_chestplate":3,"minecraft:basalt":4,"minecraft:tripwire_hook":5,"minecraft:iron_trapdoor":6,"reinfchest:diamond_chest":17,"minecraft:cobbled_deepslate":64,"minecraft:observer":39,"minecraft:pointed_dripstone":2,"minecraft:calcite":4,"minecraft:water_bucket":147,"minecraft:cartography_table":2,"minecraft:fletching_table":3,"minecraft:polished_blackstone_bricks":1,"minecraft:rail":2,"minecraft:tnt":1,"minecraft:crafting_table":17,"minecraft:white_bed":12,"minecraft:mud":45,"minecraft:diamond_pickaxe":798,"minecraft:ominous_trial_key":151,"minecraft:diamond_shovel":952,"autoworkstations:gold_auto_experience_orb_emitter":2,"minecraft:wind_charge":305,"minecraft:iron_pickaxe":73,"minecraft:cobblestone":421,"travelersbackpack:standard":6,"minecraft:cooked_porkchop":8,"minecraft:brush":2,"minecraft:tuff_slab":9,"minecraft:oak_sign":47,"minecraft:diamond_hoe":353,"minecraft:decorated_pot":6,"minecraft:shield":81,"minecraft:zombie_spawn_egg":8,"minecraft:player_head":15,"minecraft:iron_chestplate":3,"minecraft:nether_bricks":15,"minecraft:carrot":465,"minecraft:waxed_copper_grate":2,"minecraft:obsidian":64,"minecraft:glass":989,"minecraft:stone_bricks":219,"minecraft:item_frame":6,"minecraft:dark_oak_sapling":71,"minecraft:dark_oak_stairs":14,"minecraft:stone_pickaxe":10,"minecraft:diamond_axe":156,"minecraft:sugar_cane":32,"minecraft:white_wool":44,"quartzelv:smooth_quartz_elevator":5,"minecraft:redstone_torch":1,"minecraft:lever":17,"minecraft:mace":50,"minecraft:dark_oak_log":64,"minecraft:bread":29,"minecraft:iron_door":2,"minecraft:gravel":1,"minecraft:grindstone":5,"minecraft:experience_bottle":9,"minecraft:oak_fence":47,"minecraft:netherite_sword":799,"minecraft:trident":1,"minecraft:flint_and_steel":1,"minecraft:redstone":22,"minecraft:cooked_chicken":4,"minecraft:dirt":1174,"minecraft:white_carpet":17,"minecraft:hopper":128,"minecraft:dark_oak_planks":156,"minecraft:bookshelf":67,"autoworkstations:netherite_auto_crafting_table":5,"minecraft:golden_carrot":155,"minecraft:netherite_pickaxe":1181,"minecraft:cooked_beef":24,"minecraft:enchanted_golden_apple":8,"minecraft:brown_bed":7,"minecraft:cobblestone_stairs":42,"minecraft:baked_potato":4,"minecraft:tuff_stairs":3,"autoworkstations:gold_auto_crafting_table":4,"minecraft:iron_golem_spawn_egg":3,"minecraft:cobblestone_slab":304,"minecraft:glow_item_frame":82,"minecraft:piston":45,"minecraft:flower_pot":4,"minecraft:map":2,"minecraft:netherite_axe":482,"minecraft:stone_axe":11,"minecraft:bucket":112,"minecraft:polished_blackstone_button":2,"minecraft:splash_potion":15},"minecraft:picked_up":{"minecraft:wooden_axe":6,"minecraft:iron_chestplate":2,"minecraft:flower_pot":40,"minecraft:anvil":5,"minecraft:diamond_sword":3,"minecraft:lead":15,"minecraft:smithing_table":2,"minecraft:enchanted_book":69,"minecraft:brewing_stand":5,"minecraft:amethyst_block":1,"minecraft:polished_deepslate":2,"minecraft:music_disc_cat":1,"minecraft:string":358,"minecraft:dark_oak_trapdoor":52,"minecraft:diamond_leggings":1,"minecraft:gold_nugget":994,"minecraft:cobbled_deepslate":98,"minecraft:trial_key":23,"minecraft:netherite_upgrade_smithing_template":9,"minecraft:enchanted_golden_apple":77,"minecraft:composter":5,"minecraft:waxed_copper_grate":10,"minecraft:deepslate_tile_stairs":1,"minecraft:cauldron":8,"travelersbackpack:iron":1,"minecraft:orange_bed":3,"minecraft:stone_sword":14,"minecraft:honey_bottle":11,"minecraft:armadillo_scute":1,"minecraft:iron_block":51,"minecraft:blaze_rod":17,"minecraft:magma_block":115,"minecraft:feather":22,"minecraft:cooked_beef":18,"minecraft:iron_door":1,"minecraft:water_bucket":14,"minecraft:jungle_log":28,"minecraft:flint":16,"minecraft:lantern":12,"minecraft:chipped_anvil":1,"minecraft:honeycomb":10,"minecraft:ink_sac":3,"minecraft:dark_oak_log":8769,"minecraft:barrel":1,"minecraft:bundle":1,"minecraft:lever":15,"minecraft:miner_pottery_sherd":102,"minecraft:granite":919,"minecraft:bread":188,"minecraft:music_disc_precipice":2,"minecraft:ominous_trial_key":61,"minecraft:diamond_pickaxe":3,"minecraft:mud":17,"minecraft:crafting_table":10,"minecraft:ominous_bottle":60,"minecraft:nether_wart":12,"minecraft:music_disc_creator":17,"minecraft:wind_charge":2093,"minecraft:cornflower":4,"minecraft:flow_banner_pattern":34,"minecraft:flint_and_steel":3,"minecraft:netherite_scrap":151,"minecraft:white_carpet":13,"minecraft:cartography_table":16,"minecraft:beef":18,"minecraft:chiseled_tuff":1,"minecraft:jungle_sapling":1,"minecraft:iron_nugget":142,"minecraft:poppy":8,"minecraft:guster_pottery_sherd":2,"minecraft:chest":488,"minecraft:piston":17,"minecraft:diamond_hoe":2,"minecraft:egg":210,"minecraft:sandstone":32,"minecraft:stone":3,"minecraft:glow_item_frame":105,"minecraft:fire_charge":48,"minecraft:flow_pottery_sherd":4,"minecraft:mace":3,"minecraft:carrot":575,"minecraft:redstone":1364,"minecraft:netherite_pickaxe":2,"minecraft:music_disc_creator_music_box":1,"minecraft:tnt":78,"minecraft:waxed_oxidized_chiseled_copper":1,"minecraft:diamond_chestplate":9,"minecraft:decorated_pot":27,"minecraft:beetroot_seeds":4,"copperhopper:copper_hopper":87,"minecraft:deepslate_bricks":4,"minecraft:hay_block":11,"minecraft:flow_armor_trim_smithing_template":59,"minecraft:gold_ingot":1294,"minecraft:tuff_bricks":7,"minecraft:glow_berries":19,"minecraft:mutton":1,"minecraft:white_wool":79,"minecraft:rail":12,"minecraft:clock":3,"minecraft:tripwire_hook":12,"minecraft:red_mushroom":1,"minecraft:oak_log":25,"minecraft:white_banner":17,"minecraft:spawner":14,"minecraft:stone_bricks":18,"minecraft:apple":2062,"minecraft:oak_fence_gate":1,"minecraft:stone_pickaxe":1,"minecraft:glass_bottle":4,"minecraft:dark_oak_stairs":14,"minecraft:dark_oak_slab":366,"minecraft:gravel":708,"minecraft:crying_obsidian":92,"travelersbackpack:standard":2,"minecraft:infested_stone_bricks":4,"minecraft:slime_ball":70,"minecraft:stone_axe":1,"minecraft:rib_armor_trim_smithing_template":17,"minecraft:diamond_axe":32,"minecraft:baked_potato":12,"minecraft:hopper":47,"minecraft:ender_pearl":42,"minecraft:redstone_block":1,"minecraft:nether_brick_fence":17,"minecraft:iron_trapdoor":2,"minecraft:potion":18,"minecraft:nether_brick":169,"minecraft:lapis_block":128,"minecraft:raw_copper":1340,"minecraft:red_candle":7,"minecraft:sticky_piston":16,"minecraft:netherite_ingot":3,"minecraft:experience_bottle":11,"minecraft:oak_sign":63,"minecraft:red_sand":7,"minecraft:bucket":8,"minecraft:dark_oak_leaves":1172,"minecraft:waxed_oxidized_copper_door":3,"minecraft:redstone_torch":1,"minecraft:cobblestone_slab":135,"minecraft:calcite":4,"minecraft:iron_pickaxe":4,"minecraft:iron_boots":4,"minecraft:furnace":9,"minecraft:tipped_arrow":489,"minecraft:stick":6205,"minecraft:deepslate_brick_wall":1,"reinfchest:diamond_chest":16,"minecraft:oak_fence":111,"minecraft:torch":19,"minecraft:porkchop":7,"minecraft:villager_spawn_egg":1,"minecraft:pointed_dripstone":3,"minecraft:diorite":7,"minecraft:rotten_flesh":186,"minecraft:obsidian":65,"minecraft:cod":192,"minecraft:cobblestone":11420,"minecraft:magma_cream":5,"minecraft:andesite":151,"minecraft:wither_skeleton_skull":8,"minecraft:lapis_lazuli":2931,"minecraft:dirt":27016,"minecraft:name_tag":8,"minecraft:glass":416,"minecraft:bone":664,"minecraft:bow":19,"minecraft:wheat_seeds":569,"minecraft:raw_gold":259,"minecraft:grindstone":2,"minecraft:bolt_armor_trim_smithing_template":8,"minecraft:cyan_candle":5,"minecraft:fletching_table":2,"minecraft:scrape_pottery_sherd":1,"minecraft:oak_planks":18,"minecraft:cooked_porkchop":1,"minecraft:sand":170,"minecraft:dead_bush":7,"minecraft:grass_block":1,"minecraft:diamond_block":4,"minecraft:spectral_arrow":350,"minecraft:diamond":776,"minecraft:slime_block":36,"minecraft:cracked_polished_blackstone_bricks":1,"minecraft:crossbow":35,"minecraft:breeze_rod":97,"minecraft:bone_meal":1,"minecraft:golden_apple":19,"minecraft:emerald":1570,"minecraft:oak_sapling":37,"minecraft:netherrack":312,"reinfchest:netherite_chest":56,"minecraft:cocoa_beans":9,"minecraft:waxed_oxidized_cut_copper":1,"minecraft:chicken":13,"minecraft:splash_potion":10,"minecraft:brown_mushroom":3,"minecraft:pink_wool":1,"minecraft:wooden_pickaxe":1,"minecraft:gold_block":18,"minecraft:brick":973,"minecraft:shield":9,"minecraft:iron_axe":2,"minecraft:item_frame":8,"minecraft:cyan_carpet":4,"minecraft:blackstone":526,"minecraft:player_head":8,"minecraft:observer":15,"minecraft:lectern":11,"minecraft:tinted_glass":10,"minecraft:sugar_cane":94,"minecraft:dark_oak_sapling":1059,"minecraft:raw_iron":348,"minecraft:copper_ingot":124,"travelersbackpack:netherite_tier_upgrade":1,"minecraft:polished_blackstone_bricks":34,"minecraft:stone_button":1,"minecraft:trident":5,"minecraft:brown_dye":15,"minecraft:dark_oak_planks":3621,"minecraft:arrow":394,"minecraft:nether_bricks":218,"minecraft:saddle":8,"minecraft:black_banner":4,"minecraft:basalt":51,"minecraft:golden_carrot":11,"minecraft:glow_ink_sac":16,"minecraft:salmon":1,"minecraft:leather":223,"minecraft:waxed_copper_block":4,"minecraft:gunpowder":42,"minecraft:cobblestone_stairs":21,"minecraft:orange_terracotta":24,"minecraft:iron_ingot":414,"minecraft:cooked_chicken":3,"minecraft:soul_sand":204,"minecraft:book":333,"minecraft:emerald_block":206,"minecraft:heavy_core":14,"minecraft:brush":7,"minecraft:quartz":1235,"minecraft:dandelion":17,"minecraft:dripstone_block":20,"minecraft:lava_bucket":13,"minecraft:tuff_slab":2,"minecraft:amethyst_shard":81,"minecraft:white_bed":1,"minecraft:spider_eye":63,"minecraft:light_gray_candle":1,"quartzelv:smooth_quartz_elevator":2,"minecraft:netherite_hoe":1,"minecraft:chiseled_tuff_bricks":2,"minecraft:coal":2238},"minecraft:broken":{"minecraft:diamond_helmet":1,"minecraft:golden_helmet":1}},"DataVersion":3953}