{"stats":{"minecraft:picked_up":{"minecraft:netherite_scrap":9,"minecraft:raw_iron":1,"minecraft:diamond":1,"minecraft:quartz":1,"minecraft:gold_nugget":12,"minecraft:emerald":1,"minecraft:redstone":5,"minecraft:coal":9,"minecraft:lapis_lazuli":8,"minecraft:cobblestone":30,"minecraft:diamond_pickaxe":2},"minecraft:killed_by":{"minecraft:skeleton":1,"minecraft:player":2},"minecraft:used":{"minecraft:diamond_pickaxe":10207},"minecraft:broken":{"minecraft:diamond_pickaxe":1},"minecraft:mined":{"minecraft:nether_gold_ore":133,"minecraft:emerald_ore":126,"minecraft:deepslate_redstone_ore":134,"minecraft:diamond_ore":116,"minecraft:coal_ore":157,"minecraft:redstone_ore":121,"minecraft:deepslate_iron_ore":134,"minecraft:deepslate_diamond_ore":123,"minecraft:nether_quartz_ore":125,"minecraft:iron_ore":141,"minecraft:copper_ore":121,"minecraft:cobblestone":7639,"minecraft:deepslate_coal_ore":145,"minecraft:lapis_ore":138,"minecraft:deepslate_gold_ore":151,"minecraft:stone":9,"minecraft:ancient_debris":131,"minecraft:gold_ore":134,"minecraft:deepslate_lapis_ore":124,"minecraft:deepslate_emerald_ore":165,"minecraft:obsidian":1,"minecraft:deepslate_copper_ore":139},"minecraft:custom":{"minecraft:time_since_rest":1,"minecraft:damage_taken":849,"minecraft:play_time":330385,"minecraft:walk_one_cm":791,"minecraft:deaths":3,"minecraft:leave_game":3,"minecraft:time_since_death":1,"minecraft:total_world_time":330385,"minecraft:fly_one_cm":264}},"DataVersion":3953}