{
  "minecraft:recipes/redstone/lever": {
    "criteria": {
      "has_cobblestone": "2024-06-24 02:19:09 +0000"
    },
    "done": true
  },
  "craemon:crafting": {
    "criteria": {
      "tick": "2024-06-24 02:11:27 +0000"
    },
    "done": true
  },
  "jodek:crafting": {
    "criteria": {
      "tick": "2024-06-24 02:11:27 +0000"
    },
    "done": true
  },
  "minecraft:recipes/misc/copper_ingot_from_blasting_raw_copper": {
    "criteria": {
      "has_raw_copper": "2024-06-24 02:17:36 +0000"
    },
    "done": true
  },
  "minecraft:recipes/building_blocks/raw_copper_block": {
    "criteria": {
      "has_raw_copper": "2024-06-24 02:17:36 +0000"
    },
    "done": true
  },
  "notblue:about_vegan_mob_drops": {
    "criteria": {
      "requirement": "2024-06-24 02:11:27 +0000"
    },
    "done": true
  },
  "zensiert:zensiert/root": {
    "criteria": {
      "a": "2024-06-24 02:11:27 +0000"
    },
    "done": true
  },
  "craemon:main": {
    "criteria": {
      "tick": "2024-06-24 02:11:27 +0000"
    },
    "done": true
  },
  "minecraft:recipes/combat/stone_sword": {
    "criteria": {
      "has_cobblestone": "2024-06-24 02:19:09 +0000"
    },
    "done": true
  },
  "minecraft:recipes/decorations/cobblestone_wall": {
    "criteria": {
      "has_cobblestone": "2024-06-24 02:19:09 +0000"
    },
    "done": true
  },
  "minecraft:recipes/tools/stone_pickaxe": {
    "criteria": {
      "has_cobblestone": "2024-06-24 02:19:09 +0000"
    },
    "done": true
  },
  "minecraft:recipes/tools/stone_axe": {
    "criteria": {
      "has_cobblestone": "2024-06-24 02:19:09 +0000"
    },
    "done": true
  },
  "jodek:mobs": {
    "criteria": {
      "tick": "2024-06-24 02:11:27 +0000"
    },
    "done": true
  },
  "craemon:craftable_enchanted_golden_apple": {
    "criteria": {
      "tick": "2024-06-24 02:11:27 +0000"
    },
    "done": true
  },
  "minecraft:story/mine_stone": {
    "criteria": {
      "get_stone": "2024-06-24 02:19:09 +0000"
    },
    "done": true
  },
  "minecraft:recipes/decorations/furnace": {
    "criteria": {
      "has_cobblestone": "2024-06-24 02:19:09 +0000"
    },
    "done": true
  },
  "zensiert:zensiert/agricultural_automation": {
    "criteria": {
      "tick": "2024-06-24 02:11:27 +0000"
    },
    "done": true
  },
  "jodek:root": {
    "criteria": {
      "tick": "2024-06-24 02:11:27 +0000"
    },
    "done": true
  },
  "minecraft:recipes/decorations/crafting_table": {
    "criteria": {
      "unlock_right_away": "2024-06-24 02:11:27 +0000"
    },
    "done": true
  },
  "jodek:shulker_two_shells": {
    "criteria": {
      "tick": "2024-06-24 02:11:27 +0000"
    },
    "done": true
  },
  "minecraft:recipes/building_blocks/cobblestone_slab": {
    "criteria": {
      "has_cobblestone": "2024-06-24 02:19:09 +0000"
    },
    "done": true
  },
  "minecraft:recipes/building_blocks/cobblestone_slab_from_cobblestone_stonecutting": {
    "criteria": {
      "has_cobblestone": "2024-06-24 02:19:09 +0000"
    },
    "done": true
  },
  "jodek:get_recipes": {
    "criteria": {
      "Always": "2024-06-24 02:11:27 +0000"
    },
    "done": true
  },
  "minecraft:recipes/building_blocks/stone": {
    "criteria": {
      "has_cobblestone": "2024-06-24 02:19:09 +0000"
    },
    "done": true
  },
  "minecraft:adventure/adventuring_time": {
    "criteria": {
      "minecraft:plains": "2024-06-24 02:11:28 +0000"
    },
    "done": false
  },
  "minecraft:recipes/decorations/cobblestone_wall_from_cobblestone_stonecutting": {
    "criteria": {
      "has_cobblestone": "2024-06-24 02:19:09 +0000"
    },
    "done": true
  },
  "minecraft:recipes/building_blocks/cobblestone_stairs_from_cobblestone_stonecutting": {
    "criteria": {
      "has_cobblestone": "2024-06-24 02:19:09 +0000"
    },
    "done": true
  },
  "global:not_blue": {
    "criteria": {
      "requirement": "2024-06-24 02:11:27 +0000"
    },
    "done": true
  },
  "betterfurnace:recipes/all_furnace": {
    "criteria": {
      "has_the_recipe": "2024-06-24 02:19:09 +0000"
    },
    "done": true
  },
  "minecraft:recipes/building_blocks/cobblestone_stairs": {
    "criteria": {
      "has_cobblestone": "2024-06-24 02:19:09 +0000"
    },
    "done": true
  },
  "jodek:craft_spawn_eggs": {
    "criteria": {
      "tick": "2024-06-24 02:11:27 +0000"
    },
    "done": true
  },
  "notblue:about_fortunate_ancient_debris": {
    "criteria": {
      "requirement": "2024-06-24 02:11:27 +0000"
    },
    "done": true
  },
  "in_adv_in:ingame_infos/k_datapacks": {
    "criteria": {
      "requirement": "2024-06-24 02:11:28 +0000"
    },
    "done": true
  },
  "minecraft:recipes/tools/stone_hoe": {
    "criteria": {
      "has_cobblestone": "2024-06-24 02:19:09 +0000"
    },
    "done": true
  },
  "global:root": {
    "criteria": {
      "requirement": "2024-06-24 02:11:27 +0000"
    },
    "done": true
  },
  "minecraft:recipes/tools/stone_shovel": {
    "criteria": {
      "has_cobblestone": "2024-06-24 02:19:09 +0000"
    },
    "done": true
  },
  "minecraft:recipes/misc/copper_ingot_from_smelting_raw_copper": {
    "criteria": {
      "has_raw_copper": "2024-06-24 02:17:36 +0000"
    },
    "done": true
  },
  "in_adv_in:ingame_infos/k_keysalocks": {
    "criteria": {
      "requirement": "2024-06-24 02:11:28 +0000"
    },
    "done": true
  },
  "DataVersion": 3953
}